PassengerId,Pclass,Sex,Age,SibSp,Parch,Fare,Embarked,Survived,Name,Ticket,Cabin
1,2,female,59.20231498571705,3,0,12.692139958815007,C,1,"Rodriguez, Mrs. Mary",349434,
2,3,female,20.519991077953264,0,0,20.26469549516678,S,1,"Rodriguez, Mrs. Ethel",280926,
3,3,male,,0,0,12.77303691182954,C,0,"Williams, Mr. James",710441,
4,3,female,33.190096125690886,0,0,2.1747388130109373,S,0,"Johnson, Miss. Mary",A/27533,D80
5,1,male,47.22437805158317,0,2,2.5118537347212024,S,0,"Rodriguez, Mr. Thomas",A/56947,
6,1,male,,0,1,17.068097885472568,S,1,"Johnson, Mr. Henry",A/68597,
7,1,female,29.44805808692073,1,3,0.9425985984554204,S,1,"Brown, Miss. Anna",A/75464,
8,3,male,,2,0,41.065357857603956,S,1,"Garcia, Mr. John",A/66880,B189
9,3,male,,0,2,10.076594786330924,S,0,"Williams, Mr. William",A/52460,
10,3,male,19.511984823470513,0,0,596.8772993332686,S,0,"Williams, Mr. George",580001,
11,1,male,,1,0,194.3186817464166,C,1,"Davis, Mr. Joseph",A/35957,
12,3,male,30.911494635158324,1,0,9.798811638076298,S,1,"Davis, Mr. William",484838,
13,3,male,23.88549828163048,0,0,10.723049644649807,S,0,"Wilson, Mr. Frank",147046,
14,1,male,31.585524282108718,0,0,40.233412889480014,C,0,"Rodriguez, Mr. Henry",109759,
15,1,female,10.140231946584251,0,0,94.04817320508243,S,1,"Jones, Miss. Anna",550973,G19
16,1,female,15.397403460850878,1,0,1.7063645804551955,S,1,"Davis, Mrs. Ruth",A/18507,
17,2,male,45.80579471122196,1,0,1.4281065008654152,S,0,"Brown, Mr. Frank",A/17835,
18,3,male,19.80348009440046,0,0,5.775115367905106,Q,0,"Rodriguez, Mr. John",900019,
19,2,male,14.343246242452846,0,0,24.514998154153943,C,1,"Johnson, Mr. Charles",676209,A146
20,2,male,36.513138535382005,1,0,22.1148274437156,C,0,"Johnson, Mr. Thomas",237912,
21,3,male,45.59985816528196,1,1,43.97959366423623,S,1,"Miller, Mr. George",A/41440,
22,1,male,39.065346349310936,3,1,2.8874188338441527,C,1,"Smith, Mr. Thomas",A/12389,
23,2,male,42.94466760128143,1,0,0.7562580420615506,S,0,"Brown, Mr. John",485327,G135
24,2,male,18.404868760027547,0,0,34.110901809782135,S,1,"Rodriguez, Mr. George",A/49023,
25,3,male,9.09465066561419,0,0,4.5094016480572305,S,0,"Davis, Mr. Joseph",A/98993,
26,3,male,50.01867112737681,0,1,1.080922196826776,S,0,"Jones, Mr. Thomas",842319,
27,1,female,24.482482256210098,0,0,14.498953800752904,S,1,"Rodriguez, Miss. Elizabeth",427507,
28,3,female,25.488337769629336,0,0,31.557485711320535,S,1,"Jones, Miss. Ruth",A/55215,
29,3,male,47.59471798588681,1,0,10.522664360543681,S,0,"Wilson, Mr. William",941908,D18
30,1,female,36.78722013160924,0,0,7.032779021373016,S,1,"Garcia, Miss. Elizabeth",A/69768,D38
31,3,male,35.38242880914251,1,0,10.061993654459913,S,0,"Garcia, Mr. William",203591,
32,1,female,,0,1,7.809185625560614,S,1,"Smith, Miss. Helen",A/36639,
33,1,female,19.990744774678,2,0,2.4165561924190286,C,1,"Davis, Miss. Elizabeth",A/38924,
34,3,male,41.98976179313732,0,0,5.167469899594959,S,1,"Williams, Mr. Thomas",A/40104,D66
35,3,male,29.798183748559183,0,1,22.772095071653002,C,0,"Davis, Mr. James",924026,
36,3,male,32.7602919040856,0,1,17.921735494554994,S,0,"Williams, Mr. Charles",783550,
37,2,male,,0,0,14.90462797629225,S,0,"Williams, Mr. Thomas",A/83177,B158
38,1,male,36.109700588054736,1,0,3.69072096256242,S,1,"Johnson, Mr. Joseph",A/80592,
39,3,male,36.53614510669486,1,0,9.798175603493158,S,0,"Miller, Mr. John",641529,
40,2,male,44.01510272233723,0,2,0.8936169566638559,C,1,"Smith, Mr. Thomas",305320,
41,1,female,23.890661786399605,0,0,15.092108580696205,S,1,"Williams, Mrs. Marie",705484,
42,3,female,17.251064657253913,0,2,67.66907286862364,,0,"Smith, Miss. Margaret",989340,
43,1,male,,0,0,2.077242808544946,C,1,"Williams, Mr. Henry",935599,G57
44,3,male,,2,0,6.03084294002823,S,1,"Brown, Mr. Robert",953575,
45,2,male,57.78689981916451,1,0,18.082201907216145,S,0,"Brown, Mr. John",A/12016,
46,3,male,,1,0,54.78471114441786,S,0,"Jones, Mr. John",A/56309,
47,2,female,25.90244926979919,1,0,7.114468023497788,S,1,"Davis, Miss. Elizabeth",115748,
48,3,male,25.12461380155511,0,0,5.308448483430953,S,0,"Brown, Mr. Thomas",636114,
49,3,male,33.30369376932741,2,0,1.1471633340519958,S,0,"Brown, Mr. Joseph",A/44129,
50,1,male,,1,3,13.792510882359599,Q,0,"Miller, Mr. James",A/33490,G104
51,3,male,41.04662883703644,1,0,141.24433290180238,S,0,"Williams, Mr. Charles",A/85017,
52,3,female,20.836915860034864,1,0,16.993487023056247,S,0,"Davis, Miss. Emma",A/93106,G75
53,3,female,,0,0,11.86111289273351,S,1,"Jones, Miss. Ruth",A/64638,
54,3,male,,1,0,17.930421096433673,Q,1,"Miller, Mr. Joseph",A/39894,
55,3,male,,0,0,12.021414430392143,C,0,"Johnson, Mr. Robert",486868,
56,3,male,51.5028380642799,0,0,4.592308107226498,S,0,"Johnson, Mr. James",659614,
57,1,female,35.87364932293552,0,2,32.71834398712324,S,1,"Miller, Miss. Margaret",A/35838,
58,1,female,,3,0,15.97322411755785,S,1,"Davis, Miss. Anna",971643,
59,1,male,38.28033776134378,1,0,12.442722356551755,S,1,"Davis, Mr. John",791652,D50
60,2,male,,1,0,3.7793829942209136,S,1,"Garcia, Mr. James",351749,
61,2,female,31.534301821851898,1,0,58.21886937882485,S,1,"Garcia, Miss. Ruth",998342,
62,2,male,10.844352728618148,0,0,27.048817646191942,S,1,"Wilson, Mr. Henry",673095,
63,3,female,34.59563132453698,2,1,6.274507495465782,Q,0,"Miller, Miss. Anna",862449,
64,2,male,,0,1,40.535973904744196,S,1,"Jones, Mr. George",914957,E148
65,2,male,21.599366455503404,0,0,6.705412217324409,Q,0,"Williams, Mr. Robert",266052,C23
66,3,male,37.20909626257131,0,0,4.766421477493856,S,0,"Garcia, Mr. Thomas",108078,
67,1,male,46.335963000070905,1,0,4.895695056328523,S,1,"Garcia, Mr. George",A/99521,
68,3,male,29.29780207430486,1,0,1.4545807813059028,S,0,"Garcia, Mr. Robert",A/89810,
69,1,female,33.3236621763855,0,0,21.45270739954014,S,1,"Rodriguez, Miss. Margaret",A/36398,
70,3,male,,0,0,1.3534083927003167,S,0,"Rodriguez, Mr. William",475855,
71,3,male,32.370544512839956,1,0,2.789514042873871,S,0,"Johnson, Mr. Charles",A/26254,C128
72,1,male,65.42356359852553,0,0,1.0093377160687038,S,1,"Smith, Mr. Robert",325226,
73,1,male,36.91713503884162,1,0,10.987039695357621,S,1,"Rodriguez, Mr. Charles",A/33580,E134
74,3,male,4.349321371818551,3,0,10.17176197914323,C,0,"Brown, Mr. Henry",696432,B36
75,3,male,39.546782695463456,0,0,8.231469428845461,S,0,"Miller, Mr. Henry",A/60665,B53
76,3,female,34.33621738835889,0,0,3.486529282247626,S,1,"Miller, Miss. Mary",252110,
77,3,male,,1,1,2.9841635680698313,S,0,"Johnson, Mr. Henry",589562,
78,1,male,,1,0,21.26885585459418,Q,1,"Johnson, Mr. Frank",A/11753,
79,2,male,27.061616224227166,0,0,6.292369330813959,S,0,"Garcia, Mr. Charles",955243,
80,1,female,,2,0,17.80768286567565,S,1,"Rodriguez, Mrs. Florence",216737,
81,3,female,26.073674397995646,0,1,4.211006011085271,S,0,"Miller, Mrs. Florence",507096,C122
82,3,female,17.0927136410698,0,0,15.139016587744127,S,0,"Davis, Mrs. Florence",428761,C31
83,2,male,20.872671702733882,1,0,58.20281054829788,Q,0,"Miller, Mr. Frank",510092,D153
84,1,male,37.240097661888534,1,0,24.616057169534947,S,1,"Jones, Mr. John",A/83802,A75
85,2,male,52.37866306091969,0,0,7.426861929291316,S,0,"Williams, Mr. Robert",878610,
86,2,male,34.525401417521735,1,2,16.58732358904034,S,1,"Wilson, Mr. Joseph",309485,
87,3,male,12.257637131507419,0,0,9.12667816053826,S,0,"Jones, Mr. James",519814,B110
88,3,male,35.22443735508197,0,1,12.29824072466724,Q,0,"Williams, Mr. Joseph",A/79852,
89,3,male,,0,2,8.242195374847233,S,0,"Johnson, Mr. Robert",A/19695,
90,3,male,,1,2,10.002126825572136,S,0,"Garcia, Mr. Frank",A/70635,
91,1,female,27.123759666579154,0,0,15.713371278708557,S,1,"Garcia, Mrs. Helen",753009,
92,3,male,29.20563472620876,0,0,3.698656185241757,S,0,"Davis, Mr. Joseph",A/33940,
93,3,male,18.01142361684864,0,0,3.6000416239804935,C,1,"Miller, Mr. James",A/53481,
94,3,female,38.075926073814024,1,0,2.3019323799799443,S,0,"Williams, Miss. Elizabeth",538055,
95,3,male,27.306725919491058,0,0,1.7854574815791089,S,0,"Brown, Mr. John",A/35538,B166
96,3,female,34.87345421469839,1,0,2.8271263432171247,C,1,"Brown, Mrs. Marie",811601,
97,3,male,16.5751095107706,0,0,14.751650991734326,S,0,"Williams, Mr. Henry",160481,G81
98,2,male,,0,0,4.173082541923079,S,1,"Miller, Mr. Frank",A/73328,
99,1,female,39.1133390095888,0,1,22.563585755829976,S,1,"Davis, Mrs. Florence",A/21881,
100,1,female,23.780335870715263,1,0,12.70069223285423,Q,1,"Garcia, Miss. Mary",746484,
101,1,female,,1,1,1.1477401749888787,S,1,"Jones, Mrs. Elizabeth",418675,
102,3,male,,0,0,26.734923341917575,C,0,"Johnson, Mr. George",A/37915,
103,2,male,,0,1,32.23195573972504,S,0,"Wilson, Mr. James",144989,
104,3,male,,0,0,3.69642002406822,S,0,"Davis, Mr. Henry",932985,
105,3,male,9.142879738937555,0,0,20.170675696391417,S,0,"Williams, Mr. John",642169,
106,2,female,4.3486766322691395,0,2,4.358823210621093,S,1,"Garcia, Miss. Anna",467808,
107,2,male,7.640811596018672,0,0,13.697378334791862,S,0,"Johnson, Mr. George",343825,
108,3,female,46.67617744798055,0,1,2.6713979486144908,S,1,"Johnson, Mrs. Mary",611030,
109,1,male,21.273985957505744,0,0,1.4166178813179369,S,1,"Johnson, Mr. John",A/26350,
110,1,male,64.81478999935553,0,0,7.695374025900536,C,1,"Davis, Mr. Joseph",705685,
111,2,male,21.10053361879656,1,0,10.501575194862964,Q,0,"Miller, Mr. Robert",802609,
112,1,female,,0,0,7.5593436501744025,S,1,"Williams, Mrs. Elizabeth",A/56365,D31
113,3,female,,0,0,2.942216856791672,S,0,"Brown, Miss. Emma",A/11620,A153
114,3,female,57.08530043422772,1,0,7.5392380719072625,S,1,"Miller, Mrs. Anna",365026,
115,3,female,57.86105007290957,0,0,16.829843395797425,S,0,"Smith, Miss. Ruth",A/34524,
116,3,female,45.917127228304,0,0,11.543567597349156,C,0,"Smith, Mrs. Margaret",115861,
117,3,female,43.33687536136047,1,3,15.165168265381626,S,0,"Wilson, Miss. Emma",A/64261,
118,1,male,37.29537728881657,0,2,5.451341686871595,S,1,"Johnson, Mr. James",436279,
119,3,male,39.897055066332925,0,0,49.70281133798366,C,0,"Williams, Mr. Thomas",972521,
120,3,male,21.283399971400534,0,0,2.970089229999752,S,1,"Johnson, Mr. Frank",320421,
121,3,female,17.5452156320877,2,0,21.86904915277319,S,1,"Rodriguez, Mrs. Florence",784880,
122,3,female,28.95275759624667,0,0,50.31329274877059,S,1,"Garcia, Mrs. Marie",144397,
123,2,male,26.617415284651003,0,1,21.695171218664814,S,0,"Jones, Mr. James",942388,
124,1,female,,0,2,9.5541052145244,S,1,"Davis, Miss. Anna",987159,
125,1,female,38.749424264394015,0,0,6.462676455606809,C,1,"Davis, Miss. Ethel",A/37723,
126,2,male,42.37427291998715,0,1,42.23736185044866,C,0,"Wilson, Mr. Robert",A/37430,B147
127,3,male,30.237696408085863,1,0,2.2087573883566978,S,1,"Rodriguez, Mr. Thomas",357653,
128,3,female,49.68542113477366,0,4,3.8032306916459997,Q,1,"Wilson, Miss. Ruth",A/62284,G10
129,1,male,13.016352402130929,0,0,7.560449766990265,S,0,"Johnson, Mr. William",924142,
130,3,female,26.288767570083948,0,0,53.79521426421854,C,1,"Davis, Miss. Helen",533714,
131,2,male,18.964487511560733,0,0,19.21557529095987,S,0,"Garcia, Mr. William",A/82358,
132,1,female,2.8684873609771593,3,0,3.8127285580447583,C,1,"Williams, Mrs. Florence",125968,
133,1,female,27.84247039820221,0,0,8.394953517085982,C,1,"Johnson, Miss. Mary",818580,
134,2,female,27.29553488263403,0,2,5.8288062940132415,S,0,"Rodriguez, Miss. Helen",630026,
135,3,male,50.188296405389835,0,0,5.197892262692722,Q,0,"Miller, Mr. Charles",828993,
136,2,female,37.83136358376689,3,0,39.435541186709415,C,1,"Wilson, Mrs. Ruth",763613,
137,3,female,,0,0,2.3488086563908914,C,0,"Williams, Miss. Mary",A/60969,
138,3,male,54.95729592867863,0,0,83.9765024423187,S,1,"Williams, Mr. Frank",217286,
139,2,female,46.09447173735494,1,0,32.91326039940739,C,1,"Smith, Miss. Anna",921853,
140,3,male,,1,0,45.1068448148981,C,0,"Davis, Mr. Henry",A/48575,
141,3,male,,0,0,6.989944285196601,S,0,"Brown, Mr. James",548484,
142,2,male,,0,0,10.176398199833137,Q,0,"Williams, Mr. Frank",705069,
143,3,male,23.789105135005258,0,0,2.1819474911497676,S,0,"Miller, Mr. Joseph",715760,
144,2,male,,0,0,6.490925415388574,S,0,"Jones, Mr. Henry",A/22460,D113
145,2,female,55.384208283084526,0,2,22.0295738636779,S,0,"Smith, Miss. Helen",279300,
146,1,male,50.605409395810646,0,0,57.7010674958576,S,1,"Williams, Mr. James",906977,
147,3,female,22.156108094992163,0,0,3.22654472425678,S,1,"Smith, Mrs. Florence",306422,
148,3,male,13.325355933953844,0,0,7.856905884892025,S,0,"Garcia, Mr. James",A/62482,A97
149,1,male,30.972407456756855,0,0,10.159822136234562,Q,0,"Davis, Mr. Henry",242290,
150,2,male,4.2418488821200775,2,0,2.2820016109308527,S,0,"Garcia, Mr. Joseph",921154,G65
151,3,female,,0,0,24.769649422981207,S,1,"Smith, Mrs. Ruth",404144,E26
152,1,male,26.93356379181864,0,0,5.110062330592682,S,0,"Smith, Mr. Joseph",985697,
153,1,male,22.47548897384461,0,0,9.63624566172496,S,0,"Rodriguez, Mr. John",A/71189,
154,3,female,6.674157058264864,2,0,7.082739399509548,Q,1,"Brown, Miss. Marie",A/81543,
155,3,male,36.19040149197603,0,1,4.724651459956662,S,0,"Smith, Mr. Frank",560828,
156,2,male,21.54218824473324,0,3,12.079937485155078,C,1,"Miller, Mr. Joseph",859860,
157,3,male,,0,0,9.405254342528467,S,0,"Davis, Mr. Charles",390144,
158,3,female,0.17,0,0,7.797245585494241,S,1,"Williams, Miss. Margaret",A/40383,
159,1,male,28.61479132929109,0,1,5.08271747193434,S,1,"Johnson, Mr. John",A/49028,
160,3,female,53.81152235337642,0,2,17.875473986209784,S,0,"Smith, Mrs. Elizabeth",475982,
161,2,male,52.257629003670175,0,0,88.61850733445809,S,1,"Brown, Mr. Charles",160155,
162,3,female,22.600652407792193,2,0,14.409168126001997,S,1,"Garcia, Miss. Elizabeth",617953,
163,3,female,20.56903115493507,0,0,40.25933320658745,S,1,"Williams, Miss. Ruth",A/27443,
164,3,female,35.562839585050334,0,0,2.297298092092813,C,1,"Garcia, Mrs. Ruth",A/41976,
165,1,male,15.02260385136392,1,0,14.721569439558907,S,1,"Wilson, Mr. Joseph",678032,A118
166,3,female,33.225086597472526,0,0,3.2646678178624584,S,1,"Smith, Mrs. Ruth",763468,
167,2,male,39.725123897385664,0,0,2.070292883664848,S,1,"Smith, Mr. John",353856,B173
168,1,male,46.17706513438031,0,0,5.016609519746108,S,1,"Wilson, Mr. Thomas",876796,A5
169,1,male,27.59784292928066,0,1,50.92119294772651,C,1,"Williams, Mr. Joseph",923749,
170,3,female,,1,0,38.09256026399026,S,1,"Davis, Mrs. Anna",154604,
171,3,female,16.708243785408143,2,0,16.3071826881183,S,0,"Garcia, Mrs. Marie",844917,
172,1,female,17.42367504344196,0,0,1.9362620345730082,Q,1,"Johnson, Mrs. Ruth",674839,
173,3,male,25.829295513378625,0,0,9.625956177287705,S,0,"Wilson, Mr. Joseph",A/99882,
174,1,male,,2,3,17.49718499710193,S,0,"Brown, Mr. Joseph",367825,A95
175,3,female,41.790184767265494,1,0,15.03894959755033,S,1,"Brown, Miss. Ethel",313328,
176,1,male,,1,0,1.3330208731125908,S,1,"Davis, Mr. George",A/60061,
177,3,male,49.8976399654333,0,0,4.185468237441631,C,0,"Williams, Mr. Robert",924322,
178,2,male,25.204269585404038,0,0,11.280850960910898,C,0,"Jones, Mr. Robert",635505,G153
179,3,male,28.700857879121894,1,2,23.186010275397962,Q,0,"Jones, Mr. James",513870,G102
180,1,male,18.539036491930474,1,0,0.8734072078599627,S,1,"Wilson, Mr. James",621817,A32
181,2,male,,0,0,10.02870247726049,S,0,"Smith, Mr. Joseph",A/11218,
182,1,male,41.3766355490547,0,0,14.463938097176463,C,0,"Rodriguez, Mr. Henry",594897,
183,3,male,,0,0,33.768701629988385,S,0,"Rodriguez, Mr. George",654393,
184,3,female,25.061414200345013,0,1,27.97829696092648,S,0,"Miller, Miss. Marie",238691,
185,2,male,29.93787004114821,0,1,24.5101074773343,S,0,"Williams, Mr. George",125322,
186,3,male,,2,0,4.664923297106894,S,0,"Brown, Mr. Thomas",791572,C9
187,3,female,7.1243580035884015,0,0,1.2341684647998428,S,0,"Williams, Miss. Marie",173079,
188,3,male,21.59326251715187,1,1,7.601432311129802,C,0,"Garcia, Mr. Frank",787100,G163
189,3,female,40.11970551470558,0,2,40.52658547553504,C,1,"Jones, Mrs. Emma",179311,
190,2,female,11.439948075630507,0,0,64.8544438212548,S,1,"Johnson, Miss. Anna",A/37632,
191,1,male,,3,0,28.57862105557278,S,1,"Williams, Mr. William",249485,
192,3,male,10.007854735272328,0,0,20.39335244816522,S,0,"Brown, Mr. James",A/78232,
193,3,female,,0,1,19.212624289877137,C,0,"Brown, Mrs. Florence",633119,
194,3,female,28.50101924783523,0,0,6.250475268936737,S,0,"Wilson, Mrs. Emma",A/15004,
195,2,male,6.388154577322869,0,0,10.422090580586884,S,0,"Wilson, Mr. John",514725,
196,2,male,,1,0,90.27706405567552,S,1,"Rodriguez, Mr. Thomas",A/53555,
197,3,male,18.71571792482731,2,0,3.9311436673492706,S,0,"Garcia, Mr. Joseph",A/75930,
198,3,female,17.656465881798667,0,0,84.58310556458945,S,1,"Johnson, Mrs. Helen",424332,
199,3,male,31.807968761233198,0,0,8.277708795702711,C,0,"Johnson, Mr. Thomas",163471,
200,3,female,45.080922892002015,0,0,59.770876717447834,S,0,"Smith, Mrs. Emma",494861,F143
201,3,male,,1,0,2.25200738280115,S,0,"Williams, Mr. Charles",A/85351,
202,1,male,29.863517897871603,0,0,24.60833093243869,S,0,"Davis, Mr. Frank",462009,
203,1,male,35.00343100462802,0,0,5.03229346203934,S,1,"Johnson, Mr. Thomas",A/97099,
204,3,male,38.70347850168402,0,0,2.229281574558476,C,0,"Miller, Mr. Frank",593570,
205,3,male,,0,1,15.83528773885582,S,0,"Jones, Mr. Robert",523359,
206,1,male,23.861610252833486,0,1,40.90965694547279,C,1,"Wilson, Mr. Robert",792101,
207,1,male,17.413736910917926,1,0,4.419693163634816,S,1,"Williams, Mr. Joseph",199919,
208,3,female,,0,0,2.0161320467617476,S,1,"Rodriguez, Miss. Helen",294020,
209,1,male,13.990053832201504,0,0,10.911161790872406,S,1,"Williams, Mr. Charles",498722,
210,1,male,0.17,1,0,10.969049284246575,S,0,"Jones, Mr. William",390375,
211,3,female,35.11183725820735,1,0,23.523114960675173,S,1,"Garcia, Miss. Helen",899947,
212,3,female,,0,0,38.07330900709974,C,1,"Johnson, Mrs. Florence",903032,C131
213,3,female,0.17,0,0,11.34414534800977,S,1,"Rodriguez, Miss. Margaret",955742,B97
214,1,female,,0,0,112.91146067651498,S,1,"Johnson, Miss. Elizabeth",759789,
215,3,male,37.66815965407277,0,0,15.943985818326228,C,0,"Miller, Mr. Thomas",738668,
216,1,male,57.80493657596378,0,0,8.038867320984469,Q,1,"Davis, Mr. Robert",563179,
217,2,female,29.29111190745571,0,0,1.7614180045721775,S,0,"Wilson, Miss. Mary",256547,
218,3,female,18.807958822792116,0,0,8.888946829370493,Q,0,"Williams, Mrs. Anna",252185,
219,3,male,26.43944982453224,1,0,8.136301092573627,S,0,"Jones, Mr. John",798213,D57
220,3,female,48.24826986807459,0,1,38.56579545574781,S,1,"Miller, Miss. Margaret",A/47321,
221,3,male,19.956501492256507,0,2,21.2207685109509,C,0,"Williams, Mr. Henry",A/38176,
222,3,male,17.81131190689645,0,0,2.9587209221242583,S,0,"Rodriguez, Mr. Henry",A/94728,
223,1,male,22.241590689451545,2,0,14.979839499210325,S,1,"Williams, Mr. John",821782,
224,2,male,15.653399484378028,1,0,27.27136923973153,S,0,"Garcia, Mr. Frank",455446,C21
225,2,male,30.717384423927136,1,0,76.22104695136676,C,0,"Jones, Mr. Charles",316897,
226,2,male,51.745498418573845,1,0,35.33962165217333,C,1,"Miller, Mr. Henry",890023,F134
227,3,female,33.52310982362441,2,1,30.35666157470527,S,1,"Brown, Mrs. Florence",741157,
228,2,male,25.467050970231973,0,0,13.093333316574403,S,0,"Jones, Mr. Charles",116738,
229,3,male,24.914642235182384,0,1,19.41361077685003,S,0,"Garcia, Mr. George",643344,
230,3,female,,0,0,54.565721860565574,S,0,"Davis, Miss. Emma",483800,
231,3,female,41.363536880060224,1,0,2.4612445164721013,S,1,"Brown, Mrs. Mary",A/45447,
232,3,female,27.91027924182077,1,0,8.009856191828625,C,1,"Johnson, Miss. Marie",126014,
233,3,female,26.47328120973124,0,0,4.820692073613113,S,0,"Davis, Mrs. Mary",863277,
234,3,female,73.70350594982804,0,0,19.201410549813453,S,1,"Johnson, Miss. Emma",888212,
235,1,male,,0,0,53.317606810592686,S,1,"Wilson, Mr. Robert",590339,
236,3,male,18.47492529866742,2,0,5.951426007298966,S,0,"Davis, Mr. Henry",991307,
237,2,male,,0,4,0.691864438301485,Q,0,"Rodriguez, Mr. John",A/53923,
238,1,male,45.07823992875457,0,0,7.4285828421680735,S,1,"Brown, Mr. William",626683,
239,3,male,30.585785747528703,0,3,36.45827581712106,S,0,"Brown, Mr. Henry",A/25779,
240,1,female,8.864108303556865,0,3,23.2232953206214,S,1,"Miller, Mrs. Margaret",500327,
241,3,male,41.86920508405285,1,1,20.3651172268231,S,0,"Brown, Mr. Robert",979608,D113
242,3,male,19.645982802454085,0,0,8.705961646850714,S,0,"Miller, Mr. Frank",A/36924,F165
243,3,male,55.22616886704564,1,0,2.625215837666275,S,0,"Miller, Mr. Charles",238783,
244,2,female,44.12067292000508,0,1,22.609115958584166,S,1,"Williams, Miss. Marie",A/14096,A172
245,1,male,22.737493460777483,0,0,4.4765910389080545,S,0,"Wilson, Mr. Charles",306084,G135
246,3,female,46.934229064291586,0,0,167.48873245155895,S,1,"Wilson, Miss. Mary",853315,
247,2,male,29.949977147383645,1,0,24.157832388568526,S,1,"Rodriguez, Mr. Robert",A/87000,C172
248,3,male,40.938831451711074,0,0,6.069171088016351,Q,0,"Brown, Mr. Thomas",A/67987,
249,3,male,35.78625944212265,0,0,5.849391876666028,S,0,"Wilson, Mr. Joseph",862072,
250,3,female,,0,0,10.896775851766655,S,1,"Brown, Miss. Margaret",627561,
251,2,male,,2,0,9.139427014066646,S,0,"Wilson, Mr. William",700710,G157
252,2,female,43.41945144613626,0,1,46.53480515828246,S,1,"Wilson, Mrs. Elizabeth",332131,D164
253,3,male,24.313145350508428,1,0,15.236584389152595,C,1,"Wilson, Mr. Frank",A/11080,
254,2,male,23.348921514612044,0,2,5.063418830312907,S,1,"Miller, Mr. John",A/92641,
255,1,female,15.628283889109058,0,0,117.7458893356995,S,1,"Davis, Miss. Helen",A/93482,
256,3,female,34.93038691830846,0,1,12.925085013559416,S,1,"Miller, Miss. Emma",A/88038,
257,3,female,57.87534886940403,0,0,30.649232189738303,S,1,"Davis, Mrs. Emma",890168,
258,3,female,14.05453920044018,0,1,5.871606000574802,C,0,"Davis, Mrs. Elizabeth",753059,
259,3,female,,0,0,18.835412719856173,S,0,"Wilson, Miss. Emma",A/96623,E51
260,1,female,48.771087775816014,0,1,17.695882570298306,S,1,"Williams, Mrs. Emma",398964,
261,3,female,27.885020522559987,2,0,1.2616505821130772,S,1,"Johnson, Mrs. Anna",821167,G65
262,3,female,35.33320514749627,0,1,136.77402788921327,C,1,"Jones, Mrs. Ruth",124220,
263,1,female,14.126490605943683,1,4,57.3270937973511,S,1,"Jones, Mrs. Helen",607409,
264,3,male,34.99629936090708,0,0,7.563738818292909,C,0,"Rodriguez, Mr. Charles",345752,
265,3,female,26.379980289936316,0,0,3.245522361447366,S,1,"Wilson, Miss. Ruth",669071,
266,3,male,,0,1,18.487113772933718,C,1,"Williams, Mr. Robert",A/20857,
267,3,female,,0,0,13.518204239856061,S,1,"Smith, Miss. Marie",346509,
268,3,female,65.2538909882606,0,1,18.667848980006163,C,1,"Garcia, Miss. Elizabeth",A/93446,
269,2,male,,0,0,15.331244578997365,S,0,"Williams, Mr. Henry",878559,
270,2,female,33.56114843215033,0,0,22.36481996878824,C,0,"Garcia, Mrs. Anna",528082,C159
271,3,male,,0,3,69.18380747872878,S,0,"Williams, Mr. Thomas",313165,
272,3,male,24.055671900650363,1,0,24.0882422054541,S,0,"Williams, Mr. Charles",A/43268,
273,3,female,33.73877380846368,1,1,3.457042315213169,S,0,"Miller, Mrs. Marie",872411,
274,3,male,24.864380258053586,1,0,62.49430441656981,S,0,"Williams, Mr. George",406256,
275,3,female,31.3584536677746,0,0,87.24650266286804,S,0,"Smith, Miss. Anna",A/85446,
276,3,female,47.44636549851144,0,0,535.1077248113925,Q,1,"Davis, Mrs. Emma",578193,F58
277,3,male,14.908404086085024,0,0,3.1639054301085294,Q,0,"Davis, Mr. Frank",A/90840,
278,3,male,44.95829985580664,0,0,16.304781621081602,S,0,"Williams, Mr. James",406932,
279,3,male,47.439610942758115,0,0,1.0014826542197683,Q,0,"Brown, Mr. John",624333,
280,3,male,27.347040622124897,0,0,23.65983743517829,S,0,"Wilson, Mr. William",879685,D165
281,3,female,0.17,0,0,6.310151225043096,S,1,"Davis, Miss. Ethel",774945,
282,2,male,20.490492180677947,0,1,122.50293070118899,S,0,"Miller, Mr. Henry",283148,G5
283,2,male,47.157923651855526,1,0,4.8088695513068895,S,0,"Garcia, Mr. John",A/31348,
284,1,male,,1,0,1.6047698560629389,Q,1,"Williams, Mr. John",119455,
285,3,male,,0,0,6.920468787247599,S,0,"Garcia, Mr. George",565139,E5
286,1,female,,2,0,1.1381619931232496,S,1,"Rodriguez, Mrs. Emma",592646,
287,3,male,40.768680371063745,2,0,30.003659135534896,S,1,"Jones, Mr. James",A/50484,
288,3,female,36.65426995481931,0,0,1.0221419173231172,S,1,"Smith, Miss. Marie",A/13404,
289,2,male,,0,0,12.60570006055011,S,0,"Davis, Mr. Thomas",A/75642,
290,3,female,23.864458234594373,0,0,1.0066478154534308,Q,1,"Wilson, Mrs. Mary",A/39605,
291,1,male,23.515385913386496,2,0,8.294914652467568,C,0,"Miller, Mr. Robert",A/47569,G156
292,1,male,16.086257417020967,1,1,87.53631947581763,C,1,"Johnson, Mr. John",A/15400,
293,3,female,51.615259652572185,0,0,18.779718225920366,S,1,"Wilson, Miss. Elizabeth",982464,D82
294,2,male,24.487513431041243,0,0,4.32238647304599,S,0,"Miller, Mr. John",579389,
295,1,female,,0,0,11.734765114240016,S,1,"Garcia, Mrs. Ethel",433857,G109
296,3,female,50.29842472691432,0,0,12.448750375823083,S,1,"Smith, Miss. Ruth",245109,
297,3,male,,0,2,21.480733455100136,S,1,"Jones, Mr. William",188754,
298,1,male,,1,0,2.362617144341697,C,0,"Jones, Mr. Robert",827513,
299,3,female,34.65222126471253,0,0,24.80588016805152,S,0,"Smith, Miss. Marie",A/96078,
300,1,male,,1,0,0.47460615895128294,S,0,"Johnson, Mr. Henry",690127,
301,1,male,16.348173949778207,1,0,5.720970948132286,S,1,"Wilson, Mr. Joseph",280557,B122
302,3,male,33.54102994410244,1,0,6.780639296715855,S,0,"Davis, Mr. Charles",774075,
303,3,male,12.493442923762764,0,0,26.049333729913773,S,1,"Jones, Mr. Thomas",595283,
304,3,male,45.627511438461894,0,0,12.51786749403775,Q,0,"Brown, Mr. John",A/85705,
305,3,female,22.495357837822496,0,0,2.2553932215327035,S,1,"Wilson, Miss. Marie",224697,
306,3,female,,0,0,3.7359728343463203,C,0,"Wilson, Mrs. Elizabeth",495340,
307,3,female,32.96603020164599,0,0,15.462473307701224,S,1,"Williams, Miss. Ruth",107176,
308,2,female,,1,0,11.079750796355311,S,1,"Rodriguez, Miss. Mary",558034,
309,3,male,37.213713220653844,0,0,6.080281951088225,S,0,"Miller, Mr. Robert",145177,
310,2,female,22.35134880728466,0,2,6.841448324620897,C,1,"Garcia, Miss. Ruth",625285,
311,2,male,41.19816216440142,0,0,28.089661671330102,C,1,"Davis, Mr. George",596184,
312,1,male,10.156284476545522,0,2,6.545441888778287,S,1,"Jones, Mr. Henry",A/88653,C45
313,1,male,,1,0,10.960418961079336,S,1,"Brown, Mr. George",A/82976,G101
314,3,male,,1,0,164.66677817515725,S,0,"Johnson, Mr. Frank",A/95447,
315,3,female,14.995361455521953,0,0,2.2068823887154485,S,1,"Johnson, Mrs. Margaret",443288,
316,3,female,19.511570412652077,0,0,1.320207237142201,Q,0,"Miller, Miss. Ethel",A/71517,
317,2,male,,0,0,31.196552682280945,S,0,"Williams, Mr. George",A/37387,
318,1,male,,0,0,5.395840216561811,S,1,"Jones, Mr. George",A/34945,
319,1,female,33.908821389829825,0,0,8.315447808599913,S,1,"Williams, Miss. Elizabeth",130924,
320,2,male,35.84861982206729,1,2,4.771269186023802,S,1,"Davis, Mr. Charles",978247,C38
321,3,male,37.88610055986478,0,0,8.919499463668695,S,0,"Wilson, Mr. William",840537,
322,3,male,44.535797787387125,0,0,82.95064020054652,S,0,"Brown, Mr. Charles",A/90399,
323,3,female,,0,0,31.898345726470357,C,1,"Garcia, Mrs. Mary",608928,
324,2,female,25.622392835340406,0,0,34.28363800496282,C,1,"Rodriguez, Mrs. Mary",737854,
325,3,male,38.41603181683824,0,0,2.226715284612359,S,0,"Jones, Mr. Thomas",744256,
326,3,male,55.59834708853302,0,0,3.0606138980991124,C,0,"Wilson, Mr. Thomas",A/13199,
327,3,female,27.14312755064397,0,2,0.40377624987737204,S,1,"Davis, Miss. Margaret",223323,
328,3,female,15.356589734611019,0,1,4.612375488783881,S,0,"Rodriguez, Miss. Helen",997486,
329,2,male,44.49912937001762,0,0,38.39947638382378,S,0,"Brown, Mr. Joseph",206968,
330,2,female,27.314663704649625,0,0,22.65398600254001,S,1,"Davis, Mrs. Ruth",124815,
331,2,male,0.17,0,2,9.338859022600737,S,1,"Rodriguez, Mr. Robert",568304,C136
332,3,male,40.863903480105904,2,0,11.860809662025325,S,1,"Wilson, Mr. Charles",A/24263,
333,1,female,21.50540539664508,0,0,5.329925970714389,S,1,"Smith, Miss. Margaret",290732,
334,1,male,,0,0,15.575678994599333,Q,1,"Smith, Mr. Henry",A/51271,
335,1,male,,0,0,30.540508055030003,S,1,"Garcia, Mr. William",188757,
336,1,male,31.66699551690693,0,0,1.7523116429773369,S,1,"Davis, Mr. Henry",396753,
337,3,male,38.93232543994655,0,0,17.45414620690055,S,0,"Davis, Mr. James",647933,
338,3,female,22.903190812022192,1,0,37.29733383518637,S,1,"Wilson, Miss. Ruth",819918,
339,3,male,,1,0,7.402958023502521,S,0,"Jones, Mr. Robert",254473,
340,1,female,25.36634651382516,0,0,28.24286147597384,C,1,"Brown, Miss. Marie",A/84451,F176
341,3,male,39.34334673242504,0,0,356.9462939568063,S,0,"Jones, Mr. Thomas",464745,
342,3,male,37.615144776182746,0,0,10.7487411825112,S,0,"Wilson, Mr. George",775748,B144
343,1,male,15.903858171375665,1,0,19.53032644897896,S,1,"Garcia, Mr. James",681330,
344,2,female,44.20374962645045,0,0,5.024527901625675,S,1,"Rodriguez, Miss. Ruth",671312,G155
345,2,male,21.496511768403327,0,0,15.142439963884497,S,0,"Wilson, Mr. Joseph",372201,
346,3,female,40.31280917593603,0,0,21.164514819225563,S,1,"Miller, Miss. Emma",492613,
347,3,male,34.142022387618766,0,1,15.39142918904184,S,0,"Smith, Mr. George",333076,
348,1,female,54.734571475131716,0,2,3.5835918817507313,S,1,"Williams, Miss. Ruth",138886,
349,2,male,25.87147624679407,0,0,15.60566712594666,S,0,"Williams, Mr. James",A/12673,
350,3,female,24.109564854345237,0,0,70.43111404969261,Q,1,"Johnson, Miss. Florence",A/33466,
351,3,female,28.728125517571744,1,0,20.871047623665323,S,1,"Johnson, Miss. Marie",609966,
352,3,female,24.755483040320144,0,0,38.643733482175726,C,1,"Davis, Miss. Margaret",A/79284,
353,3,female,40.1991866271887,0,1,9.16677593380518,C,1,"Wilson, Mrs. Margaret",637953,B58
354,1,female,6.3716514818877705,1,0,29.96051317903166,S,1,"Garcia, Miss. Helen",525716,
355,1,male,14.248446131951043,0,0,17.032468016301802,S,0,"Rodriguez, Mr. Thomas",408094,
356,3,male,,0,0,3.8919375730213477,S,0,"Jones, Mr. George",726627,
357,1,male,42.30430628763006,0,0,17.85395773965842,S,1,"Jones, Mr. James",502854,
358,3,female,,0,0,3.7060403067065377,S,1,"Brown, Mrs. Ethel",768582,
359,3,male,27.5377109404754,1,0,5.700441740313326,C,0,"Davis, Mr. Thomas",353301,
360,3,female,26.63649587533985,0,0,15.289922767498094,Q,0,"Jones, Miss. Ruth",494655,
361,2,male,,0,1,17.403879272311766,S,0,"Johnson, Mr. Robert",578766,
362,3,male,45.26629623651466,0,2,2.923907895508878,S,0,"Garcia, Mr. Charles",A/30600,G137
363,3,male,16.01705612133196,0,0,43.154337133408546,S,0,"Smith, Mr. Thomas",599344,A54
364,3,female,32.33716575828699,1,0,24.20132863578107,C,1,"Wilson, Mrs. Anna",677564,D78
365,3,male,42.65276681695401,0,0,5.2295533728356975,S,0,"Wilson, Mr. Joseph",369072,B104
366,2,male,36.01531837915783,0,0,1.9249466330431533,S,0,"Smith, Mr. George",305719,F148
367,3,male,31.654142632382406,1,0,10.238084126676464,S,1,"Garcia, Mr. Frank",799192,
368,3,male,43.01464529593998,0,0,7.1339675862446015,S,0,"Johnson, Mr. Joseph",526855,
369,1,male,0.17,1,0,13.954032693514915,Q,1,"Brown, Mr. George",737475,
370,1,male,38.49025447343271,1,0,7.879464987782171,S,1,"Wilson, Mr. Henry",A/78591,
371,1,female,19.842940436216068,1,0,1.0953257056327408,S,1,"Miller, Miss. Mary",364826,
372,1,male,,0,0,7.644478893718127,Q,0,"Rodriguez, Mr. James",867469,
373,1,male,36.15683639334973,0,0,8.442319277055239,S,0,"Miller, Mr. George",A/44640,
374,3,male,48.23121963228141,1,0,26.059782609225117,S,0,"Rodriguez, Mr. Henry",163043,C104
375,1,male,27.075720795212312,0,3,5.27068529165654,S,0,"Rodriguez, Mr. Thomas",476394,
376,2,male,42.340243660841146,0,0,91.32363336500126,S,0,"Miller, Mr. Charles",145520,
377,3,male,51.571895611841036,1,0,1.228791712763121,S,0,"Jones, Mr. George",688730,
378,1,male,47.408802350176664,1,1,58.75645370935451,S,0,"Johnson, Mr. Charles",A/57498,C81
379,3,male,51.9595034111995,0,5,9.307469361450103,S,0,"Rodriguez, Mr. Frank",747735,
380,2,female,39.38978487500649,0,0,34.175255090064056,S,1,"Miller, Mrs. Mary",A/42788,
381,1,female,,0,1,13.40679651346414,C,1,"Brown, Miss. Margaret",550953,E105
382,3,female,6.572478633439641,1,0,47.821084627302675,C,1,"Williams, Mrs. Emma",A/81303,
383,3,male,25.55512516618072,1,0,7.65351976891655,S,0,"Johnson, Mr. William",300123,
384,3,male,17.194547665573317,0,0,3.2597662481508674,S,0,"Garcia, Mr. Robert",A/97802,
385,3,male,59.393198044969395,0,0,66.99413945372717,S,0,"Davis, Mr. James",A/18076,F46
386,3,male,26.537598625947286,1,0,10.63152054514707,S,0,"Williams, Mr. Thomas",497530,
387,2,female,30.7248672949828,0,0,15.89286344211972,C,0,"Garcia, Miss. Anna",A/77551,
388,1,male,36.72079526456655,0,0,53.60821369171799,S,0,"Davis, Mr. James",A/45568,
389,3,male,29.610434249214354,2,0,3.531256333564094,S,0,"Miller, Mr. John",355745,
390,3,male,52.73071456603054,0,0,24.893060682171658,S,0,"Williams, Mr. Henry",378496,
391,3,female,,0,0,6.002201341825596,S,0,"Garcia, Mrs. Florence",538866,
392,2,male,,0,0,10.395746927508668,S,1,"Williams, Mr. James",155904,
393,2,male,18.605411800227323,0,0,13.286317661669145,S,0,"Williams, Mr. Charles",378252,B95
394,3,male,10.51968484291012,1,0,2.013216649924604,Q,1,"Brown, Mr. Henry",A/94156,
395,2,male,20.435232727326003,0,1,4.78456709053935,C,0,"Garcia, Mr. Frank",519136,
396,3,male,28.48148484132223,5,0,61.63854903883662,S,0,"Jones, Mr. Thomas",A/83927,
397,3,male,,0,0,35.28399375138885,S,0,"Miller, Mr. George",342726,
398,2,male,19.306106281766017,0,0,11.300336535837209,Q,0,"Davis, Mr. Robert",529059,
399,3,male,9.311555508594324,0,0,16.309506362201738,S,1,"Davis, Mr. Robert",565996,
400,3,male,27.836521983198274,0,0,8.558363510837884,S,0,"Miller, Mr. Charles",971044,
401,1,male,7.933914763565969,0,0,62.04749021158995,S,1,"Jones, Mr. Joseph",395187,D30
402,3,male,39.64078349165444,0,0,9.579035483040535,C,0,"Johnson, Mr. George",439233,
403,3,female,30.154156541083047,0,0,16.090201923647616,S,1,"Smith, Miss. Florence",290191,
404,3,female,8.594279007490972,0,1,48.194079085945035,S,1,"Williams, Mrs. Helen",972402,
405,2,male,24.671072921301914,1,0,4.7929889665622545,C,1,"Wilson, Mr. Joseph",536056,D192
406,3,male,18.469810321731835,0,0,79.08688208570801,C,0,"Garcia, Mr. Charles",644950,
407,2,male,33.46844314586853,1,2,1.9414717283126466,Q,0,"Williams, Mr. Henry",762746,
408,1,male,47.76630624432403,0,0,86.10526482309358,S,1,"Brown, Mr. George",A/85023,G79
409,3,female,,0,0,7.789598353085716,S,1,"Wilson, Miss. Marie",966572,
410,1,male,30.61036510806384,0,0,9.10443359037949,C,0,"Garcia, Mr. Charles",955010,
411,2,female,26.758140862067034,0,0,1.2611043364268955,C,1,"Smith, Mrs. Margaret",372530,
412,3,male,,0,0,7.058597230128293,S,0,"Jones, Mr. Frank",246297,B82
413,3,male,31.984752795327648,1,0,3.498142672936829,S,0,"Rodriguez, Mr. Thomas",143021,C22
414,3,female,18.472429355656534,1,0,5.875695203568811,C,1,"Williams, Miss. Ethel",520594,
415,3,female,24.533244900667345,0,0,10.33180334072129,C,1,"Brown, Miss. Helen",A/96755,
416,2,female,,0,0,38.449663233913604,S,0,"Rodriguez, Miss. Elizabeth",802726,F176
417,2,female,44.06409994038037,1,0,15.628935277642649,S,1,"Smith, Miss. Marie",A/50160,
418,2,male,29.298363081407192,0,0,17.62312542332153,S,1,"Smith, Mr. Thomas",857071,B38
419,3,female,55.6166696005421,1,1,3.2719192305147824,S,1,"Garcia, Mrs. Anna",248430,E154
420,3,male,28.150748606595307,1,0,4.233779498022937,S,1,"Williams, Mr. John",457470,D49
421,3,female,19.08230526325352,1,0,105.47458485239537,S,0,"Garcia, Mrs. Florence",A/38365,C29
422,3,male,7.807998503420421,0,0,5.041777801527886,S,1,"Rodriguez, Mr. Thomas",A/17248,
423,1,female,3.7560445324167695,0,0,88.89446703164474,S,1,"Smith, Miss. Marie",915037,
424,3,male,6.822096797923145,0,0,9.10047455753688,S,0,"Davis, Mr. Thomas",A/90934,
425,1,male,32.73977311416077,0,0,12.215987239855613,C,1,"Smith, Mr. Thomas",A/78731,
426,3,male,,1,2,44.010937927037084,S,0,"Davis, Mr. Frank",369594,
427,2,female,6.863330171550132,0,1,56.051499739164676,S,1,"Davis, Miss. Elizabeth",150272,B53
428,3,male,41.53053639706562,0,0,10.665614062963494,C,1,"Miller, Mr. James",608350,
429,2,male,22.237145276431846,1,0,7.645431927126507,S,1,"Smith, Mr. Joseph",840176,
430,1,male,,1,0,11.391818949564339,Q,1,"Brown, Mr. William",831670,
431,1,male,51.57108879557594,1,0,18.275274643199033,C,0,"Wilson, Mr. Thomas",251958,
432,3,female,41.55575042211745,1,0,35.50112635343119,S,1,"Jones, Mrs. Ruth",747861,
433,3,male,25.24057092931835,0,0,12.244487439789337,Q,0,"Miller, Mr. Joseph",264334,
434,1,female,16.523308844185976,0,0,25.601822942143617,S,1,"Brown, Miss. Emma",A/11128,
435,1,male,0.17,1,0,87.01075039028322,S,1,"Davis, Mr. George",148929,
436,3,male,18.93185353060612,0,0,19.251164159391333,S,0,"Jones, Mr. Thomas",A/19808,
437,1,female,26.044176656412276,0,2,17.707414093336237,S,1,"Brown, Miss. Emma",908157,
438,3,female,15.179486619883425,0,0,1.9685692500761331,Q,1,"Smith, Mrs. Helen",844314,
439,3,male,27.162402460707735,0,0,0.5184684176324129,S,0,"Jones, Mr. Thomas",646113,B131
440,1,male,30.075926361422756,1,0,19.415095364628478,S,0,"Brown, Mr. John",A/67797,
441,1,female,25.8520162546869,0,1,10.872220112544762,S,1,"Jones, Mrs. Anna",593844,
442,3,male,19.899963868471563,0,0,6.568337721792344,S,0,"Davis, Mr. John",113338,
443,2,female,31.361165407534187,0,0,16.31746889065681,S,1,"Williams, Miss. Mary",774255,
444,2,female,35.187169093971725,0,0,11.330696249028604,S,1,"Miller, Mrs. Ruth",209367,
445,3,female,13.734412915800156,0,0,47.150108052892946,C,1,"Jones, Miss. Ruth",A/96540,
446,3,male,48.753053316447776,0,0,13.508688106771427,S,0,"Garcia, Mr. Frank",A/93137,G37
447,3,female,27.619766148020336,1,0,4.9713531066635985,C,0,"Johnson, Miss. Mary",760709,
448,3,male,29.263894721227867,0,0,39.97281055050516,S,0,"Davis, Mr. Thomas",500966,
449,2,male,38.9150019255918,0,2,9.388097936838262,C,1,"Davis, Mr. Robert",A/84935,
450,1,male,32.26502583768902,0,0,22.91619854188584,S,0,"Rodriguez, Mr. George",599555,
451,3,male,,1,0,6.869608739459167,S,0,"Johnson, Mr. George",A/32787,
452,3,female,33.01973831282554,0,0,5.585688700224657,S,0,"Jones, Miss. Margaret",812787,
453,2,female,20.42587675503387,1,2,13.477233793420305,C,1,"Davis, Miss. Margaret",161086,F169
454,3,female,34.06104935288542,0,0,12.371486788283745,S,1,"Davis, Mrs. Elizabeth",608889,
455,1,male,,1,0,21.667044996244265,Q,1,"Wilson, Mr. Robert",A/15302,C7
456,3,male,30.519835880871323,0,0,8.825322058445407,S,0,"Rodriguez, Mr. Thomas",231980,
457,1,male,28.53478013097755,1,0,1.3449653618832444,S,1,"Jones, Mr. Charles",243949,
458,3,female,26.086363998184446,0,0,7.247606958526423,S,0,"Davis, Mrs. Elizabeth",127313,
459,1,male,27.20047483985497,2,0,31.581836485506617,Q,0,"Williams, Mr. George",279480,
460,1,female,2.6541133630330513,0,6,8.526242027290499,S,1,"Jones, Miss. Mary",226228,
461,1,male,21.31785129162654,0,0,9.064266424395493,C,1,"Wilson, Mr. Henry",929492,
462,3,male,30.299828615975606,0,0,39.79143973362188,C,0,"Jones, Mr. Charles",A/96067,
463,3,female,31.237989487963606,0,0,5.184286000041618,S,1,"Smith, Mrs. Helen",951995,
464,3,male,,1,0,1.9129300766331634,S,0,"Brown, Mr. Thomas",584091,A189
465,3,female,,0,1,10.046684268835586,C,1,"Garcia, Miss. Elizabeth",549058,
466,2,female,16.873552124996987,0,0,6.814081354621972,S,1,"Miller, Miss. Ethel",857496,E190
467,2,male,42.572400807374315,0,0,3.8209703790783345,C,0,"Davis, Mr. Charles",816764,D41
468,3,male,34.980721066203586,0,0,9.870454025272288,S,0,"Jones, Mr. John",978219,
469,1,male,19.952817662186757,1,0,21.97283190238114,S,1,"Wilson, Mr. Robert",140725,
470,3,female,53.85435249653317,1,0,12.047458515544514,C,0,"Rodriguez, Mrs. Helen",634398,
471,1,male,12.28908435540928,1,0,17.608421593379195,S,1,"Brown, Mr. George",378606,
472,3,male,41.86815843054002,0,1,107.34943253799038,S,0,"Jones, Mr. Henry",546015,
473,1,male,43.00815245260169,0,2,8.073163122409772,S,0,"Garcia, Mr. Henry",806584,
474,3,female,19.611317072926973,1,0,17.013690807726245,S,0,"Davis, Miss. Helen",213394,
475,3,male,,0,2,6.6123820849452555,S,1,"Wilson, Mr. George",A/27868,
476,3,female,25.49934879561466,0,0,4.412177519263387,C,1,"Rodriguez, Mrs. Helen",A/32222,
477,1,female,33.041710809918,0,0,6.038229355455469,S,1,"Brown, Miss. Emma",724142,
478,3,male,,0,0,6.858506551500546,S,0,"Williams, Mr. William",941081,C62
479,3,male,27.119677619412332,0,0,18.75332288140876,S,0,"Jones, Mr. William",970181,
480,3,female,40.35131582423695,1,0,204.15733448085697,S,0,"Johnson, Mrs. Ruth",604434,
481,3,male,40.10884208773098,0,0,5.159026384258692,S,0,"Rodriguez, Mr. George",139369,
482,3,female,4.5205523746654706,0,0,7.389422850985314,Q,1,"Johnson, Miss. Helen",899093,
483,3,male,47.26076340029414,0,0,11.293782852528645,C,0,"Williams, Mr. James",810595,
484,3,male,5.7251121675005585,0,0,19.588812617427966,S,0,"Brown, Mr. Henry",A/40755,
485,3,female,,0,0,16.714238723864057,S,0,"Davis, Mrs. Mary",A/29416,
486,3,male,44.77387191558617,1,0,56.878360016410625,S,0,"Johnson, Mr. Joseph",A/56996,
487,1,male,13.726469976987225,1,0,0.6625425580345499,S,1,"Rodriguez, Mr. Henry",168835,
488,2,male,,0,0,0.6946717520219161,S,0,"Williams, Mr. George",347795,
489,3,male,13.5201346411969,1,0,6.719046090145141,S,0,"Williams, Mr. James",A/97594,
490,3,male,25.991105575957704,5,1,45.4567000250909,S,0,"Brown, Mr. Frank",968948,
491,3,male,24.68752002139962,1,0,1.861201714324058,S,0,"Jones, Mr. Thomas",373010,
492,3,female,39.91524745177076,1,0,0.32983630018930316,S,1,"Miller, Miss. Mary",224714,
493,2,male,47.34432244567452,0,1,24.177326862014198,Q,1,"Williams, Mr. John",A/60547,
494,1,female,48.53957335105939,0,0,16.31995624462573,S,1,"Wilson, Miss. Marie",780047,G28
495,3,male,,0,0,3.292838345482151,S,1,"Wilson, Mr. Joseph",A/66488,
496,2,female,26.07089376757661,0,0,3.7335236989938783,S,0,"Miller, Miss. Ethel",237039,
497,3,male,5.431865308906698,8,2,3.8049678293356415,S,0,"Garcia, Mr. Henry",A/74471,
498,1,female,17.717819069053355,0,0,13.910478164932691,S,1,"Rodriguez, Miss. Emma",527443,
499,3,male,42.507922863364406,1,0,5.74552716975718,S,0,"Jones, Mr. Joseph",783429,
500,3,male,51.61815952967524,1,0,22.04039051888914,S,1,"Smith, Mr. George",213926,
501,3,male,11.719115793681091,1,0,0.3963125959221485,S,1,"Wilson, Mr. William",547564,
502,3,male,20.70550037185948,5,0,4.356973922175332,C,0,"Garcia, Mr. James",183100,
503,2,male,28.630319402575022,0,0,3.154201100296872,S,0,"Wilson, Mr. Frank",594308,
504,3,male,32.92225622347449,0,0,8.9566044359066,S,1,"Smith, Mr. George",A/64862,
505,3,female,17.665550721096956,0,2,6.387498302726571,S,1,"Johnson, Mrs. Emma",128004,A79
506,1,male,34.93685462249726,0,0,31.734757644427127,S,0,"Johnson, Mr. Charles",716108,
507,3,male,22.366249141007174,0,0,1.3083880377798118,S,0,"Wilson, Mr. Henry",577044,E71
508,3,male,28.797668207704092,0,1,12.866020567708174,S,0,"Garcia, Mr. Joseph",114568,
509,3,female,36.647979472051794,1,0,23.80757263126954,S,1,"Wilson, Miss. Margaret",322129,
510,3,male,29.08991177735313,0,0,113.06658849519395,C,0,"Smith, Mr. Frank",A/25467,D15
511,3,male,22.89059753262804,0,0,6.833799636855221,S,0,"Williams, Mr. Frank",247748,
512,2,male,27.46546274503837,0,1,17.981623598609513,S,1,"Williams, Mr. James",995150,
513,3,female,27.762918571125304,0,1,1.3984502356339321,S,0,"Wilson, Miss. Marie",177701,C52
514,3,female,,0,0,0.6904943800137908,Q,0,"Jones, Miss. Ethel",553035,
515,1,male,25.376855122660565,1,2,33.5732376451071,S,1,"Rodriguez, Mr. Charles",759089,
516,1,female,51.381060387066036,0,0,12.101478650077397,S,1,"Garcia, Miss. Emma",424888,
517,2,female,36.85287227117734,1,1,50.10973135031035,S,0,"Smith, Mrs. Elizabeth",A/84155,
518,3,male,24.863275547591755,0,3,2.344135162503278,S,0,"Jones, Mr. Robert",A/16955,
519,3,female,38.7573616631503,1,0,22.734476649905165,S,1,"Johnson, Mrs. Margaret",563506,
520,1,male,24.32652714341586,0,0,114.72998472273463,S,0,"Rodriguez, Mr. William",A/31662,
521,3,male,45.423744926212976,0,0,20.15891717148445,Q,0,"Brown, Mr. Charles",A/11225,A76
522,2,male,34.17499069077331,0,0,16.977650569080485,Q,0,"Wilson, Mr. Joseph",246444,
523,3,male,27.497769983940795,1,0,12.308219570886669,S,1,"Johnson, Mr. Robert",210401,
524,3,male,,0,0,1.849549787653826,S,0,"Williams, Mr. James",603575,F64
525,3,female,7.007733871041012,0,2,61.972300733392665,Q,1,"Jones, Miss. Ruth",A/58481,
526,3,male,13.225255435262726,4,0,5.853096469501072,S,1,"Williams, Mr. Charles",299041,
527,2,male,12.285049910413225,1,0,22.31769602859147,S,0,"Wilson, Mr. Thomas",A/16858,
528,2,male,31.001203326691893,0,1,1.8670484820544953,S,0,"Miller, Mr. James",A/35168,
529,1,female,53.255209992791286,1,2,2.9583994702687666,S,1,"Williams, Miss. Florence",864742,
530,3,male,60.238202046696856,0,0,68.17683736384936,S,0,"Wilson, Mr. Robert",436940,
531,3,male,,0,3,8.030423395255823,S,0,"Davis, Mr. Charles",484325,F161
532,3,male,,0,0,69.6812012034438,S,0,"Williams, Mr. William",A/68046,
533,3,male,3.785191721861654,2,1,11.090880667107053,S,0,"Davis, Mr. Joseph",289913,
534,3,female,21.402566803723694,2,0,1.3360569112531777,S,0,"Smith, Miss. Marie",808029,
535,3,female,17.971027473284657,0,0,35.533684994772884,S,1,"Brown, Miss. Margaret",118394,B166
536,3,male,20.308133624484377,0,0,6.00221890698585,C,0,"Miller, Mr. John",159332,
537,3,female,26.645986539812945,0,0,28.17476097261461,S,1,"Brown, Miss. Anna",907784,
538,2,male,22.390731912240216,5,0,12.556683090951331,S,0,"Miller, Mr. Frank",151993,C71
539,3,female,1.2898026547389705,3,0,1.9122071034525052,Q,1,"Johnson, Miss. Florence",550281,G165
540,1,male,39.47074358564547,0,0,14.837440034496927,Q,1,"Wilson, Mr. John",606357,
541,3,male,13.98159763964271,1,2,169.9437959935288,S,0,"Smith, Mr. Thomas",506521,
542,3,male,32.34945609755609,1,0,22.011911754505572,S,0,"Wilson, Mr. William",340310,G162
543,1,female,58.03715737649963,0,0,11.370004418735325,C,1,"Williams, Mrs. Ruth",411251,
544,3,male,16.128615717790073,0,0,44.27464131548247,C,0,"Garcia, Mr. Joseph",461799,
545,3,male,0.17,0,0,15.686526485163085,Q,0,"Williams, Mr. Charles",205494,
546,2,male,24.995940893678448,0,1,15.665190360845537,C,0,"Rodriguez, Mr. John",325997,
547,1,female,44.413434889979996,0,1,3.287244886437382,S,1,"Miller, Mrs. Marie",A/26650,
548,3,male,56.416864359088315,0,0,16.128979629287034,S,0,"Smith, Mr. Henry",369578,
549,3,female,11.786305677666164,2,0,42.204721543498174,S,1,"Miller, Mrs. Ruth",910763,B20
550,3,female,,0,1,4.467037411772984,S,1,"Johnson, Mrs. Ethel",567508,E34
551,3,male,22.485653605079253,0,0,67.3158004518089,S,0,"Jones, Mr. Robert",445123,
552,3,female,27.5167230397421,1,1,10.912978522090139,S,1,"Garcia, Mrs. Margaret",378747,B4
553,3,male,,1,0,4.198287005053194,S,0,"Smith, Mr. Joseph",A/73238,
554,3,female,7.958415402467857,0,1,40.332536168029556,C,1,"Brown, Mrs. Elizabeth",847146,
555,3,male,32.55235526092403,0,0,8.635200381950757,S,0,"Garcia, Mr. John",186978,
556,2,female,35.547704404716065,0,0,30.30818672556285,S,1,"Smith, Mrs. Elizabeth",268769,
557,1,female,44.201008549150856,0,2,8.583911035553314,S,1,"Brown, Miss. Margaret",785352,
558,1,female,,0,0,11.338552308543276,S,1,"Garcia, Miss. Ethel",492619,B12
559,3,female,,0,0,22.027072063631906,C,0,"Brown, Miss. Marie",A/22121,
560,3,male,23.516920056094925,1,0,17.271823410169823,S,0,"Rodriguez, Mr. Thomas",888049,
561,3,male,32.767777177431505,0,0,1.1111126086677732,Q,0,"Johnson, Mr. Joseph",A/34276,
562,1,female,24.195308143036254,0,0,3.1724606335810726,S,1,"Jones, Miss. Emma",A/65735,
563,1,male,37.70200645798471,1,0,37.16219502439914,S,1,"Davis, Mr. James",549303,
564,1,male,,0,0,10.396155697264298,S,1,"Williams, Mr. William",553739,
565,2,female,34.27940551463061,0,0,6.498181942826284,S,0,"Williams, Miss. Emma",A/32560,G9
566,3,female,28.590320608410302,1,1,2.3862215695116142,C,0,"Williams, Miss. Elizabeth",A/78149,
567,2,female,44.76470351081035,0,0,3.3344788972792445,S,1,"Miller, Mrs. Anna",682093,
568,2,male,28.280487869761192,1,0,1.0766362873078823,C,0,"Miller, Mr. John",386640,
569,3,female,4.177545445103661,1,0,10.78830996829697,S,1,"Miller, Miss. Marie",103515,
570,2,male,46.66690100999588,1,0,5.940984754992578,C,0,"Rodriguez, Mr. Thomas",A/32873,
571,3,female,16.319747787923333,2,0,3.8194045397355993,S,0,"Jones, Miss. Ruth",752664,
572,3,male,19.84727125891652,0,0,11.226217486530574,C,0,"Brown, Mr. Henry",748852,G149
573,2,female,20.66074188339111,0,0,18.854747840817108,S,1,"Jones, Miss. Marie",A/59979,
574,3,female,48.242133304391444,0,0,150.18044212759662,S,1,"Jones, Miss. Mary",684087,
575,3,male,0.17,0,0,1.9852401645617528,S,0,"Smith, Mr. Henry",514546,
576,3,female,72.92847947123991,0,0,48.972418504206146,Q,0,"Miller, Mrs. Elizabeth",A/99966,
577,1,male,43.78479532692472,0,0,39.16258682100023,S,0,"Davis, Mr. Frank",342821,
578,3,female,32.12534479780823,2,0,4.783099238951695,S,1,"Wilson, Miss. Ruth",922614,
579,3,female,,0,0,15.547240226880428,C,0,"Garcia, Miss. Elizabeth",441925,D183
580,2,male,32.997757048007195,0,0,7.034594867623415,S,0,"Brown, Mr. Robert",133064,E174
581,3,female,36.295713997310735,0,1,15.223287023623223,S,0,"Williams, Miss. Helen",A/88655,
582,3,female,38.0330182033008,0,0,74.51177868817204,S,0,"Wilson, Miss. Ethel",882351,
583,3,male,36.77846252404828,0,0,25.197063983981785,S,0,"Jones, Mr. James",859129,G131
584,2,male,30.254129537573483,0,0,22.428445640235633,Q,1,"Wilson, Mr. James",A/79918,
585,3,female,26.237262115697433,0,0,7.269073312246682,C,1,"Miller, Mrs. Elizabeth",976611,E178
586,2,female,26.882174028850837,0,0,2.0526507406144954,S,0,"Brown, Mrs. Marie",A/37603,
587,1,female,26.271284075062464,1,0,9.48620034545023,Q,1,"Johnson, Miss. Helen",A/29623,
588,1,female,44.8727813561389,1,1,51.82796071802578,S,1,"Smith, Miss. Helen",455970,
589,1,male,37.309794111932064,0,0,1.949160119981045,S,0,"Williams, Mr. Robert",838165,
590,1,female,0.17,0,2,3.4345735111629705,S,1,"Davis, Miss. Ethel",210373,G95
591,1,male,38.18261087141666,1,0,14.175587337233402,S,0,"Miller, Mr. William",A/14870,
592,3,male,,1,0,3.737489981519398,S,0,"Garcia, Mr. Thomas",349975,
593,1,male,28.738077409757437,0,0,4.706628637258435,Q,1,"Miller, Mr. Charles",A/54322,
594,2,male,23.5607416567556,1,0,7.327846659938699,C,0,"Rodriguez, Mr. George",906560,
595,3,male,,0,0,2.366138058745155,S,1,"Johnson, Mr. Thomas",431145,
596,3,male,42.26537046972001,1,0,3.7850298927268713,S,0,"Davis, Mr. Joseph",280685,
597,3,female,18.179712650469472,5,0,28.335445161171382,C,1,"Brown, Miss. Mary",597275,
598,1,male,34.69873201974349,0,2,2.537441427449173,Q,1,"Brown, Mr. George",A/91662,
599,1,male,15.396805716421996,1,1,1.7906047977190749,C,1,"Williams, Mr. Joseph",334152,
600,1,male,9.685345692954971,0,0,5.720006973643039,S,1,"Garcia, Mr. Joseph",A/97659,
601,1,male,20.225958855740487,3,0,29.322249692429274,C,1,"Miller, Mr. Frank",495822,
602,2,male,41.07350861335863,0,0,9.618552931132355,S,0,"Garcia, Mr. Thomas",302945,
603,1,male,42.34375063526521,1,0,6.976188491656825,S,0,"Miller, Mr. Joseph",322873,
604,1,male,36.1831958813621,0,0,12.848544764363291,S,0,"Wilson, Mr. Frank",375201,F143
605,1,female,39.151341015871964,0,0,1.4995290326426107,S,1,"Jones, Mrs. Ruth",168607,
606,3,male,36.226496019609414,0,0,22.057369958537404,S,0,"Garcia, Mr. James",516981,
607,1,male,20.01925766687867,3,0,19.300326978998985,S,0,"Johnson, Mr. Frank",670900,A107
608,2,male,35.04691562543517,1,3,7.4545891131077235,S,1,"Davis, Mr. Joseph",A/94335,C13
609,3,female,,1,0,40.73588560453938,C,1,"Jones, Mrs. Elizabeth",A/91748,
610,3,male,39.56007861739004,2,2,3.148747268686233,S,0,"Rodriguez, Mr. John",165195,
611,1,male,,0,0,47.15739288971402,S,0,"Johnson, Mr. Charles",726692,
612,3,male,38.91625386081489,0,0,14.663954368297023,S,0,"Rodriguez, Mr. Charles",171540,F149
613,3,male,33.92027490558216,0,0,8.134683973389302,Q,0,"Brown, Mr. William",945383,
614,1,male,,0,0,11.895398415460123,S,1,"Jones, Mr. William",480129,
615,3,male,28.62870237051316,0,0,10.711118145599114,S,0,"Wilson, Mr. James",980808,
616,3,male,16.653754882811953,0,0,52.685457868872696,S,1,"Rodriguez, Mr. William",952119,
617,1,male,26.717062504787307,0,0,3.346734341767801,C,0,"Wilson, Mr. George",850071,
618,2,male,18.571362972709714,0,0,4.879178731730522,Q,0,"Smith, Mr. George",A/57800,G64
619,3,female,19.54750415035866,0,0,42.24827271519905,S,1,"Smith, Miss. Ruth",A/87754,
620,3,female,26.97673860998275,0,0,5.961714322849562,S,1,"Garcia, Mrs. Emma",707050,
621,1,female,,3,0,35.896496234193265,C,1,"Rodriguez, Miss. Florence",A/69414,
622,1,female,24.688538585053436,1,0,93.62740973001388,S,1,"Wilson, Miss. Florence",405617,
623,2,male,,2,0,7.522104613859357,S,1,"Miller, Mr. Thomas",A/26040,
624,3,male,,0,0,27.595005380995225,S,0,"Garcia, Mr. George",300211,G186
625,3,male,29.01687665507114,0,2,3.051304677874255,S,1,"Davis, Mr. James",772960,E138
626,2,male,17.560759165045333,1,0,30.134779133751053,S,0,"Williams, Mr. William",A/13811,
627,3,female,38.22943935805367,0,0,15.476283930652974,S,1,"Wilson, Miss. Anna",285217,
628,3,male,42.125981926771814,0,0,21.491251354815716,S,0,"Smith, Mr. Robert",301750,
629,1,female,,0,0,5.614280906986147,Q,1,"Smith, Mrs. Marie",811045,
630,2,male,18.321853100073,0,0,1.659804627756547,S,0,"Garcia, Mr. Robert",A/74037,
631,3,female,18.232007102977825,0,0,22.28474754137028,C,0,"Rodriguez, Miss. Ruth",670569,
632,3,male,,0,0,1.0242045033951181,S,1,"Garcia, Mr. Charles",886408,
633,3,male,40.61264778704448,0,1,8.324303838017622,S,1,"Johnson, Mr. Charles",A/57836,
634,3,male,26.28643405718075,0,0,37.69088317844268,S,0,"Davis, Mr. Thomas",246474,
635,1,male,25.29679222165145,0,0,15.33713915904505,Q,1,"Rodriguez, Mr. Charles",820643,
636,2,male,,1,0,126.2180761178844,C,0,"Garcia, Mr. Henry",798083,
637,3,male,37.89585242292917,0,2,41.684567780294756,S,0,"Davis, Mr. John",518127,
638,2,female,11.650382472051383,0,0,5.558464683169553,C,1,"Rodriguez, Mrs. Elizabeth",158122,
639,2,male,29.839056823728594,1,0,12.588403786963124,S,1,"Brown, Mr. William",332661,
640,2,male,32.88327713141469,0,0,11.509297154250447,Q,0,"Johnson, Mr. Charles",284215,
641,1,male,48.04922034174112,0,1,1.8246494456064635,S,1,"Garcia, Mr. James",556217,
642,2,female,10.67651441233243,0,4,3.9413421015526247,Q,1,"Johnson, Miss. Emma",915014,
643,1,male,,0,0,6.215753220740412,S,1,"Davis, Mr. William",747801,
644,2,male,31.57389362655173,0,1,1.0581640695189394,S,0,"Garcia, Mr. Thomas",962303,
645,1,male,54.20715654115195,1,1,12.896966928519596,S,0,"Wilson, Mr. Frank",992215,G74
646,3,male,46.34524894115212,0,0,9.035071036811717,S,0,"Smith, Mr. Thomas",A/47830,
647,3,female,31.935231813844762,0,0,1.6364468202878497,S,0,"Smith, Mrs. Emma",443671,C57
648,3,male,,0,0,19.7875991974728,S,0,"Rodriguez, Mr. James",856686,
649,3,male,40.299716352922346,0,3,28.761776294778656,S,0,"Rodriguez, Mr. George",711473,
650,3,female,15.370353204137439,0,0,15.997642612051363,S,1,"Smith, Miss. Emma",636498,B93
651,1,male,35.66900877098707,0,1,8.257469541990202,S,1,"Davis, Mr. Robert",396280,
652,3,male,36.076582228332775,0,0,24.772411194494968,S,0,"Rodriguez, Mr. Frank",902377,
653,3,male,43.84293870498432,0,0,27.557216206519136,Q,0,"Brown, Mr. Joseph",441324,
654,3,female,67.63524054475508,0,0,17.617351263907842,S,1,"Miller, Miss. Florence",A/87413,
655,2,male,34.49382354050274,0,0,4.528837569893971,S,0,"Brown, Mr. William",A/37272,
656,1,female,21.874509240095016,1,1,16.97804295944769,S,1,"Garcia, Miss. Ethel",248388,
657,2,male,28.641959629312076,0,1,51.14050174352343,S,0,"Smith, Mr. Thomas",762600,
658,2,male,,0,1,5.953892037527547,S,0,"Brown, Mr. William",A/53175,
659,3,male,,0,0,151.03735751211897,S,0,"Williams, Mr. Henry",A/81094,
660,3,female,,1,0,6.483385834419973,S,1,"Davis, Mrs. Ruth",805255,
661,2,male,,0,0,12.665584282280172,Q,0,"Miller, Mr. James",770534,
662,3,female,31.132968208472107,0,0,5.435857516172387,S,1,"Wilson, Mrs. Elizabeth",A/37597,
663,3,female,17.486120946649194,1,0,15.925554225857853,S,0,"Davis, Miss. Helen",185687,
664,1,male,44.6944293425426,1,0,1.5058145316481375,S,1,"Johnson, Mr. Thomas",567453,
665,1,male,29.00289890885476,0,0,6.326516959931556,S,0,"Miller, Mr. Joseph",672922,
666,1,male,28.869795504059397,0,5,3.2852887893075113,C,1,"Brown, Mr. George",447509,A1
667,2,male,24.40947396881915,1,0,14.330727633260343,S,0,"Wilson, Mr. William",A/35370,
668,1,female,31.172669574025708,3,0,40.17869381860762,S,1,"Johnson, Mrs. Ruth",481688,
669,1,female,40.551375705346885,1,0,26.448711023275504,S,1,"Rodriguez, Mrs. Marie",A/10434,
670,2,male,16.860176980047395,0,0,0.707518689873966,S,0,"Jones, Mr. Robert",A/44474,C81
671,1,male,19.786369152946406,0,0,141.24325031629868,S,0,"Rodriguez, Mr. Henry",A/93824,
672,3,female,24.747835597126695,0,2,17.36290317346973,C,1,"Davis, Miss. Mary",933721,
673,1,male,10.15780707137499,1,1,4.798008957830685,C,0,"Miller, Mr. Frank",532331,B95
674,3,female,17.530389963899033,0,2,14.710381996825628,Q,1,"Smith, Miss. Florence",397625,
675,2,male,,0,4,15.050749445575082,C,0,"Brown, Mr. Frank",A/32578,
676,3,female,,1,0,5.472751681920932,S,1,"Brown, Miss. Mary",A/62879,
677,1,male,32.67585860602695,0,0,15.448316002642729,S,1,"Davis, Mr. Frank",A/70669,
678,2,male,31.71025875914562,1,0,5.87692258411191,C,0,"Rodriguez, Mr. Thomas",982169,A137
679,3,male,40.91257147035161,0,0,7.498969482527045,C,0,"Garcia, Mr. Henry",222540,
680,3,male,27.076794962408446,0,0,5.346622414220192,C,0,"Williams, Mr. Robert",382902,
681,3,male,34.466507899004455,0,0,2.183206029789335,S,0,"Jones, Mr. William",A/55891,
682,2,female,27.554895458945055,1,0,14.512404467929402,S,1,"Williams, Miss. Mary",A/93512,
683,1,female,32.7150728915948,0,0,24.590478712734775,C,1,"Jones, Miss. Helen",589838,
684,3,male,20.84137879343785,0,0,22.59797533440023,C,0,"Smith, Mr. George",495991,
685,3,male,0.17,2,0,32.58689791574006,Q,0,"Brown, Mr. Thomas",619149,
686,3,male,27.120091729391742,0,0,17.979069073179648,S,0,"Jones, Mr. Robert",704879,
687,3,male,48.91847390539916,0,0,6.428423967992978,S,0,"Smith, Mr. William",A/47886,
688,2,male,,0,0,33.36797598915605,S,0,"Johnson, Mr. Henry",A/88000,
689,3,male,,0,0,2.389248669249109,C,0,"Smith, Mr. Frank",565992,
690,1,male,,0,0,4.133788674186562,S,0,"Rodriguez, Mr. John",244608,D163
691,2,male,30.241206273460126,0,0,3.830364292835155,S,0,"Rodriguez, Mr. Charles",794199,
692,2,male,31.76241990367834,0,1,44.525732076782475,Q,0,"Davis, Mr. George",969061,G87
693,3,male,20.352873463919096,0,0,37.76362043963755,S,0,"Miller, Mr. John",641465,B141
694,2,female,24.574980015621303,0,0,21.86235667230881,C,1,"Rodriguez, Miss. Ethel",924965,
695,1,male,,0,0,44.09365251769241,S,1,"Smith, Mr. James",160611,
696,3,female,45.854382120363425,0,0,4.241261129009268,C,1,"Miller, Miss. Mary",810463,
697,2,male,27.047752140466006,0,1,18.510055849340485,S,1,"Smith, Mr. Frank",142082,
698,3,male,22.697350292080237,0,0,10.48337517724204,C,0,"Davis, Mr. James",984747,
699,1,female,29.007391423992363,0,0,33.658261031289825,Q,1,"Williams, Miss. Marie",639677,F162
700,3,female,37.41689448500761,0,0,10.609299426914975,S,1,"Williams, Miss. Florence",A/69220,
701,3,female,8.786032574130413,1,0,7.67576938389692,S,1,"Johnson, Mrs. Marie",998407,A121
702,1,male,0.17,0,0,23.314843603805407,S,1,"Garcia, Mr. Charles",870227,B117
703,2,male,21.29248410711783,2,0,34.86219487343537,S,0,"Davis, Mr. Frank",324997,
704,1,female,11.910026037201778,2,0,5.462932678610725,C,1,"Wilson, Miss. Florence",385840,
705,1,male,21.886037232937646,0,0,11.321563644519964,S,1,"Miller, Mr. Robert",A/45985,E67
706,3,male,,0,0,3.420789045868246,S,0,"Rodriguez, Mr. James",258116,D18
707,2,male,22.654522273677813,0,0,0.6079435656421326,S,0,"Wilson, Mr. Charles",556331,
708,3,male,,1,0,15.495529418291667,C,0,"Miller, Mr. William",787859,C31
709,2,female,33.57442670443248,0,0,25.29701557987056,Q,1,"Wilson, Mrs. Mary",A/45200,
710,3,male,,0,0,16.684500436900557,S,0,"Garcia, Mr. John",506782,
711,3,male,37.710900016607624,0,0,1.1741282280993508,S,0,"Miller, Mr. George",937654,G191
712,3,male,13.056336351069232,1,0,7.9963139872562055,S,0,"Johnson, Mr. William",452594,
713,3,male,43.54756502388376,1,2,0.8504264817774113,S,0,"Williams, Mr. Henry",A/73853,
714,2,male,27.93929998850356,0,0,63.03192406171643,S,0,"Wilson, Mr. Frank",253405,
715,2,male,,0,0,3.309292768515574,S,0,"Brown, Mr. George",A/30954,
716,3,male,13.993998737437824,0,0,54.95333284616678,S,0,"Johnson, Mr. Robert",633963,
717,3,female,7.247377275775101,0,0,37.90350440861221,S,1,"Davis, Mrs. Ethel",393805,
718,3,male,40.450455212350406,1,0,4.134190646687885,S,0,"Miller, Mr. William",934395,
719,1,male,34.269733365365234,0,0,3.1288266387777344,S,1,"Davis, Mr. Thomas",307537,
720,3,female,16.371278238994854,0,0,18.54952643586343,S,1,"Miller, Miss. Mary",A/72814,
721,3,female,16.82471686215428,0,2,4.422968846683229,C,0,"Davis, Miss. Florence",A/87605,
722,1,male,44.756086981806774,1,0,13.776738728938252,S,1,"Davis, Mr. James",773832,
723,1,male,,1,0,6.825099304204039,S,1,"Garcia, Mr. George",963624,
724,3,male,,0,1,1.4370751506622392,S,0,"Davis, Mr. Thomas",337439,
725,3,female,16.39130971492984,1,0,0.8381471284657209,C,1,"Rodriguez, Miss. Ruth",446655,F15
726,3,female,37.93748695851736,0,2,15.990920592348598,Q,1,"Jones, Miss. Anna",977709,G160
727,1,female,,0,0,6.209812513353594,S,1,"Garcia, Mrs. Ruth",518401,
728,3,male,,0,1,6.273235308334503,S,0,"Johnson, Mr. Joseph",916916,D193
729,1,female,21.382403970401306,0,0,28.079411105533737,S,1,"Smith, Miss. Florence",A/55610,
730,1,male,26.720899314987882,0,0,49.805764580443345,S,1,"Davis, Mr. Henry",912267,
731,1,male,,2,2,8.784126926191592,S,1,"Johnson, Mr. Frank",A/63790,
732,3,male,,0,0,8.09528304321172,S,0,"Smith, Mr. James",437990,
733,3,female,,0,0,22.201761658950726,S,1,"Rodriguez, Mrs. Marie",508449,B137
734,3,male,,0,0,2.3909178176838117,S,0,"Jones, Mr. Frank",569284,
735,2,female,25.79960118523974,0,0,15.923303508376344,S,1,"Johnson, Mrs. Margaret",404592,C171
736,3,male,,1,0,23.624000513703017,S,0,"Miller, Mr. George",514562,
737,2,male,,0,0,27.55754186664853,S,0,"Garcia, Mr. Robert",626054,
738,3,male,26.325611323597634,0,0,1.1923149541196032,S,1,"Jones, Mr. Thomas",555235,
739,2,male,62.77661590258082,1,0,4.8859985507819435,S,0,"Brown, Mr. Henry",994370,
740,2,female,,0,0,4.246453213908558,C,1,"Davis, Miss. Emma",934760,G81
741,3,male,28.730354683718474,0,0,13.7338603958709,S,0,"Brown, Mr. Frank",125301,
742,2,female,25.31952839108425,0,0,21.690914705734723,S,0,"Williams, Miss. Anna",931219,
743,3,female,29.31452249936865,0,0,73.40943641982811,Q,0,"Miller, Mrs. Florence",375001,
744,3,female,36.659667612452935,8,0,6.726409022112057,S,1,"Smith, Mrs. Anna",515660,C136
745,1,male,12.46862058567617,1,0,6.705398860768056,S,1,"Jones, Mr. Frank",A/89741,
746,3,male,44.600503725364206,0,0,48.405160147358465,S,0,"Davis, Mr. Henry",211153,D176
747,2,male,39.015338416177414,1,0,17.3899477930407,C,0,"Davis, Mr. William",579274,F108
748,3,female,39.05460015991108,0,0,55.76697305520188,Q,0,"Garcia, Miss. Margaret",500717,E137
749,3,female,35.138660343336184,0,1,17.22692563374373,C,1,"Davis, Mrs. Margaret",A/49181,
750,3,male,29.27463320771586,0,0,3.0387919681496602,S,0,"Smith, Mr. William",863292,
751,1,female,38.42005730353548,0,0,2.4602081846416253,S,1,"Smith, Mrs. Florence",348850,
752,3,male,37.28539787237929,0,0,1.89304245838782,S,0,"Wilson, Mr. Frank",A/44404,D33
753,3,male,24.043430046825666,0,1,26.96290956334793,S,0,"Garcia, Mr. Robert",380371,
754,2,male,20.96957517944339,2,2,50.71979091105725,S,1,"Brown, Mr. Joseph",195259,
755,1,female,30.425988133667815,0,0,112.08242853483038,S,1,"Jones, Miss. Mary",117215,A109
756,3,male,50.686282120932624,0,0,33.50606270709213,C,0,"Brown, Mr. Joseph",171074,
757,3,female,11.652500940845389,0,1,49.17602918288008,S,1,"Smith, Mrs. Marie",803577,
758,3,female,8.454646279465841,0,0,6.073775473832259,S,1,"Johnson, Miss. Marie",908143,
759,3,female,,0,0,3.0413485526697714,S,1,"Wilson, Miss. Ethel",A/11286,
760,3,male,29.712427825984253,0,0,33.78764485740852,C,0,"Jones, Mr. Robert",204959,
761,1,male,,1,0,20.10999394493461,C,0,"Johnson, Mr. Robert",781845,
762,2,male,32.415344770719,0,2,13.85897793818598,S,0,"Garcia, Mr. George",A/64583,B125
763,2,male,25.875168435112727,0,5,19.3917123581284,S,1,"Williams, Mr. Frank",211359,
764,3,male,49.858088140429146,0,0,17.95417321412155,S,0,"Rodriguez, Mr. Thomas",823983,F168
765,1,female,6.587344301328784,0,0,56.8593248257054,Q,1,"Johnson, Miss. Elizabeth",159263,
766,3,male,17.401041653076554,0,1,57.6265098214901,S,0,"Smith, Mr. Joseph",160664,
767,3,male,27.554433357913336,1,0,23.407685832353707,S,0,"Johnson, Mr. Robert",439112,
768,3,male,5.99535664384166,0,0,33.61469918590495,S,0,"Brown, Mr. Robert",867018,C91
769,2,male,26.538038337951004,0,2,22.57572158995309,S,0,"Brown, Mr. John",167804,D163
770,3,male,,0,0,7.004804855813454,C,0,"Jones, Mr. Robert",914520,C23
771,1,male,29.292410836143464,0,0,30.201077721780727,S,0,"Smith, Mr. Henry",541371,
772,3,female,32.22981268006157,0,0,2.2855482213115152,S,1,"Miller, Miss. Elizabeth",A/18981,D8
773,1,male,,1,1,43.14945826488632,S,0,"Williams, Mr. William",207154,
774,2,female,20.370940287447315,0,0,2.905404061241013,S,1,"Williams, Miss. Ethel",934372,A159
775,3,female,23.747250675464883,1,0,17.166570965377787,Q,1,"Garcia, Mrs. Marie",292122,
776,1,male,24.551988645412724,0,0,4.418566180402829,,1,"Jones, Mr. John",313766,
777,1,female,46.94301313005276,1,0,23.66664752782226,C,1,"Jones, Miss. Helen",791310,
778,3,male,36.80767485015174,0,1,11.69650090220751,C,0,"Smith, Mr. Thomas",833902,
779,3,female,13.439588602881553,0,0,1.7973131408778522,S,1,"Jones, Mrs. Elizabeth",398009,
780,3,male,32.45106689804807,0,0,20.182977623204923,S,0,"Williams, Mr. Robert",137869,
781,3,female,35.97510447895499,2,0,6.089068216510495,S,0,"Williams, Miss. Ethel",598185,
782,3,female,,0,3,35.07105214467867,C,1,"Rodriguez, Miss. Mary",201069,
783,2,female,,0,0,12.201889618176633,S,1,"Garcia, Miss. Ruth",428396,
784,2,female,14.788681314409839,0,2,19.57993235832989,S,1,"Garcia, Miss. Anna",623846,
785,1,male,,1,0,3.8609653928524326,S,0,"Jones, Mr. James",A/97287,G58
786,3,male,11.39390997519537,0,1,6.006254375859236,C,1,"Smith, Mr. Henry",A/63270,
787,3,male,,1,1,7.0261129989078235,S,1,"Brown, Mr. Henry",355560,
788,2,male,35.529017242248685,0,0,34.05725150488704,S,0,"Brown, Mr. Charles",A/26220,
789,3,female,,0,2,91.18154374347033,S,1,"Miller, Mrs. Marie",A/12246,
790,3,male,27.93668566900468,0,0,4.635730991995333,S,0,"Brown, Mr. Thomas",A/78358,
791,1,female,24.522134674432184,2,0,44.35465987016136,C,1,"Wilson, Miss. Margaret",982622,
792,3,male,31.124611891482367,0,0,0.901574228119479,S,0,"Brown, Mr. Joseph",225223,
793,3,female,17.307999377179677,2,0,2.906567171531582,C,1,"Williams, Miss. Ethel",A/31784,
794,3,male,58.25354210372683,0,0,3.855365646975748,S,0,"Jones, Mr. John",A/21148,
795,1,female,6.492745620347179,0,0,2.40365278169701,S,1,"Miller, Mrs. Anna",A/85093,B160
796,3,female,31.586368104540142,0,0,1.821561193935005,S,1,"Miller, Miss. Margaret",136719,
797,3,male,,0,0,19.99732859865284,S,0,"Wilson, Mr. George",A/69453,
798,3,male,29.095197823839968,1,0,9.422672589437067,S,0,"Smith, Mr. Henry",A/60604,
799,3,female,,2,0,19.20722436218443,S,0,"Miller, Mrs. Margaret",692127,
800,3,male,23.99576408065402,1,0,27.898340962394254,S,0,"Williams, Mr. Thomas",282075,
801,3,male,26.47451645532629,1,0,16.75573171717783,S,0,"Miller, Mr. James",A/97745,F121
802,1,male,48.219878645471425,0,0,26.824504355397444,S,1,"Miller, Mr. Thomas",A/52287,
803,3,male,0.17,0,0,11.207254104115892,C,0,"Williams, Mr. Robert",731540,
804,3,male,50.46807181814856,2,0,2.9317746844833708,S,0,"Smith, Mr. Charles",A/95727,
805,2,male,,0,1,43.353048208591076,S,1,"Brown, Mr. Thomas",539707,
806,3,male,25.266867390718193,1,2,6.0078409475198615,S,0,"Williams, Mr. Frank",A/22803,
807,3,male,22.990578115818735,1,0,3.964122192252044,C,0,"Rodriguez, Mr. Frank",A/23698,
808,3,female,,0,0,9.840421534659091,C,1,"Williams, Miss. Emma",A/93654,F70
809,3,male,,4,2,4.074006433012289,S,0,"Davis, Mr. Charles",A/66381,
810,1,female,35.4704173251472,0,1,7.382287438565945,C,1,"Garcia, Mrs. Margaret",737293,
811,3,male,57.34033472601594,0,0,18.40946079061649,S,0,"Brown, Mr. Frank",428624,
812,3,male,9.915563935700654,0,2,18.50442859768723,S,1,"Johnson, Mr. George",A/63233,
813,1,male,,0,0,4.1479072099541705,C,0,"Williams, Mr. Frank",543226,
814,3,male,19.732249510847474,0,0,6.785266378729033,C,0,"Jones, Mr. Frank",192529,
815,3,male,34.9624208867025,0,0,44.22099187876858,S,0,"Jones, Mr. William",539705,
816,3,male,29.26806888382053,1,0,22.102266090102432,C,0,"Rodriguez, Mr. George",A/91165,
817,3,male,20.019183273379667,2,0,146.9478919223417,S,0,"Davis, Mr. Thomas",A/89587,
818,2,male,35.83021198819503,0,0,50.20696732942395,C,0,"Wilson, Mr. James",309870,
819,1,female,,0,0,48.09372360773348,S,1,"Rodriguez, Miss. Helen",A/27229,
820,2,male,26.32734691581782,2,1,2.3037949453364956,S,0,"Miller, Mr. Thomas",719113,
821,3,male,39.076611190074544,0,1,30.466643273397477,S,0,"Davis, Mr. Charles",627433,
822,1,female,,0,0,11.430347021862167,S,1,"Garcia, Miss. Margaret",A/12263,
823,2,male,,0,1,6.28912427307993,S,1,"Williams, Mr. John",763515,
824,2,male,35.61368789032528,0,1,14.903832708602481,S,1,"Jones, Mr. George",251744,G187
825,3,female,,0,1,37.87358265706863,S,0,"Wilson, Miss. Marie",A/29014,
826,3,male,33.97858688299924,2,0,22.220113877648934,S,1,"Jones, Mr. Thomas",402468,
827,2,female,24.61718757267584,0,0,4.245380448115657,S,1,"Davis, Mrs. Florence",326710,
828,2,female,28.990079675926957,0,2,29.694168992400407,S,1,"Brown, Mrs. Elizabeth",909816,
829,3,male,11.494291724423956,0,0,5.6683323114337885,S,0,"Garcia, Mr. Charles",786860,
830,3,male,37.46321456897513,0,0,15.800154883801856,C,0,"Brown, Mr. John",447786,E196
831,1,male,41.35266287252773,0,0,8.465337789378845,C,0,"Brown, Mr. Frank",A/64800,C9
832,3,male,22.670735340336876,1,0,9.36857026270956,C,0,"Jones, Mr. Frank",A/94954,A84
833,1,male,22.419409931366978,1,0,30.55387656529995,S,1,"Wilson, Mr. Henry",828927,
834,1,female,32.72229521512868,0,0,3.496517720513681,C,1,"Brown, Mrs. Emma",659836,
835,3,male,22.885923695431664,1,0,125.74223896868054,S,1,"Wilson, Mr. Thomas",729957,
836,2,male,28.074143395238487,1,1,1.369843797404515,S,1,"Johnson, Mr. Charles",407558,
837,3,female,58.396105048331215,1,1,5.946476029165734,S,1,"Miller, Miss. Anna",A/78344,A55
838,2,female,25.54164018955605,0,0,18.99649081061266,C,1,"Miller, Mrs. Emma",A/14297,
839,3,male,23.98323787170289,0,2,24.561421977813975,S,0,"Williams, Mr. Frank",972911,
840,3,male,19.93441472110777,0,0,10.798736486701044,S,0,"Smith, Mr. Charles",A/96813,
841,1,male,39.418687600999114,0,0,11.371738021811709,S,1,"Smith, Mr. Charles",A/81548,
842,3,male,26.462861574946558,0,0,19.938650862560667,C,1,"Garcia, Mr. George",691444,
843,1,male,19.908777463500037,0,1,9.232377756103816,S,1,"Jones, Mr. Thomas",160263,
844,3,male,,1,2,64.83318001120658,S,1,"Johnson, Mr. Robert",218632,
845,1,female,48.87444206319092,1,0,33.355375276429086,S,1,"Brown, Miss. Ruth",374348,
846,2,male,20.594070079658128,1,1,34.72254616007094,S,0,"Miller, Mr. George",A/93323,
847,1,male,2.868440680951373,0,0,3.8213812153134743,S,1,"Rodriguez, Mr. John",784736,B39
848,3,male,,1,0,11.075482601224719,S,0,"Brown, Mr. Robert",A/36437,
849,3,male,19.415182439359945,0,0,8.494686594745014,C,0,"Jones, Mr. Thomas",878810,
850,3,female,40.06875838827876,0,0,3.644715641722745,S,1,"Garcia, Mrs. Ethel",651151,
851,1,female,1.4185465520343037,0,0,18.768820720509535,S,1,"Miller, Miss. Helen",543172,F46
852,3,female,41.49636273619033,0,1,6.390580380691171,S,1,"Williams, Mrs. Anna",A/67954,
853,1,male,12.043592990069062,0,0,26.748665809567026,S,0,"Smith, Mr. Frank",A/33301,
854,3,male,39.23069766693134,1,0,3.3728906101465563,S,1,"Williams, Mr. Frank",971612,F58
855,1,male,,0,0,95.85616008623093,S,1,"Johnson, Mr. Joseph",644043,C48
856,1,male,15.644848128446972,1,0,4.155367240871074,S,1,"Garcia, Mr. Frank",A/79537,
857,1,male,23.30149161902507,0,1,15.84989387378345,C,1,"Rodriguez, Mr. John",799400,
858,3,female,38.60845839739381,0,0,31.50767517387437,S,1,"Jones, Miss. Elizabeth",191544,
859,3,male,30.48252234361328,0,0,6.142497901394764,S,0,"Johnson, Mr. Frank",207001,
860,1,male,37.18178172661478,0,1,33.88465889943051,C,1,"Brown, Mr. Frank",A/19236,
861,3,male,56.6701681832168,0,0,2.787038834717878,S,0,"Rodriguez, Mr. Thomas",315196,F141
862,3,male,7.10061743604528,0,0,69.58445808437696,C,0,"Garcia, Mr. Henry",396508,
863,3,male,51.640976049560734,0,0,12.39110799205714,S,0,"Wilson, Mr. James",456554,G136
864,2,female,30.46098312532498,0,0,5.955447282734097,S,1,"Rodriguez, Mrs. Helen",682761,
865,2,female,16.417023323476204,0,0,8.507787096337129,C,1,"Williams, Miss. Elizabeth",272349,
866,3,female,,1,0,32.15934648200971,S,1,"Davis, Miss. Marie",A/25675,
867,1,male,26.352314529121532,0,1,6.0415080007289985,S,0,"Wilson, Mr. John",218384,
868,1,male,,1,1,4.956851558186675,C,0,"Wilson, Mr. George",807508,
869,3,male,,0,0,9.338597523659958,S,0,"Miller, Mr. Henry",729999,
870,3,male,50.156169023462866,2,0,2.967279277173986,S,0,"Wilson, Mr. Thomas",826262,
871,2,female,8.683540339278174,1,1,108.27266154830536,S,1,"Davis, Miss. Mary",A/64795,
872,2,male,28.830754730155235,0,0,6.173873832279797,C,0,"Rodriguez, Mr. James",A/89183,
873,3,male,11.466491778216334,0,0,33.04730908332856,Q,0,"Jones, Mr. Frank",437540,
874,2,male,34.09084635674955,1,0,15.663984564532402,S,1,"Garcia, Mr. Thomas",878520,
875,1,male,41.41642346136221,0,1,3.7380315129241755,S,1,"Johnson, Mr. James",A/89637,
876,1,female,23.109334888465256,0,0,12.095752391457637,C,1,"Wilson, Mrs. Anna",A/58566,
877,3,male,0.17,0,0,31.212021814648192,S,0,"Garcia, Mr. Joseph",473218,E126
878,3,male,31.78527405515092,1,0,9.719035623845873,S,0,"Garcia, Mr. Robert",A/94084,
879,1,male,35.11433972426913,1,1,50.99540522413477,S,0,"Wilson, Mr. Thomas",A/78099,
880,1,male,34.66012656946377,0,0,41.50518965467681,C,0,"Johnson, Mr. James",A/83667,
881,1,female,46.30095068551016,0,2,36.697103402746514,C,1,"Williams, Miss. Helen",A/12696,
882,3,female,14.005248484913317,0,0,7.0175339929821785,S,1,"Smith, Miss. Emma",647685,
883,1,female,38.52302547630629,0,0,3.334054272405998,S,1,"Brown, Miss. Florence",902874,
884,1,female,45.69510517469165,3,0,5.833953340549518,S,1,"Williams, Mrs. Florence",A/19765,
885,3,male,,0,0,15.41728262891334,S,0,"Johnson, Mr. Robert",884141,F163
886,1,female,33.475125562865685,0,2,23.451725077025035,S,1,"Jones, Miss. Florence",A/94482,
887,3,male,21.941482365892597,0,0,0.8995274710406508,C,0,"Rodriguez, Mr. Joseph",630929,
888,1,male,27.858682576576957,1,1,12.064462624668844,S,0,"Miller, Mr. Thomas",532525,
889,1,female,,0,0,14.72736120831278,C,1,"Miller, Miss. Florence",A/99350,E96
890,2,male,22.178800102410268,0,0,8.73158483587198,S,0,"Brown, Mr. John",739411,
891,3,female,19.540086891737435,0,0,57.370406651777806,S,1,"Williams, Miss. Ethel",A/88183,E165
